"Date","Monthly interest rate of UK monetary financial institutions (excl. Central Bank) sterling 2 year (95% LTV) variable rate mortgage to households (in percent) not seasonally adjusted              [a] [b] [c] [d]             IUM2WDT","Monthly interest rate of UK monetary financial institutions (excl. Central Bank) sterling 2 year (95% LTV) fixed rate mortgage to households (in percent) not seasonally adjusted              [e] [c] [d]             IUM2WTL","Monthly interest rate of UK monetary financial institutions (excl. Central Bank) sterling 5 year (95% LTV) fixed rate mortgage to households (in percent) not seasonally adjusted              [e] [f] [c] [d]             IUM5WTL","Monthly interest rate of UK monetary financial institutions (excl. Central Bank) sterling 2 year (90% LTV) variable rate mortgage to households (in percent) not seasonally adjusted              [g] [c] [d] [h]             IUMB479","Monthly interest rate of UK monetary financial institutions (excl. Central Bank) sterling 2 year (90% LTV) fixed rate mortgage to households (in percent) not seasonally adjusted              [i] [f] [c] [d]             IUMB482","Monthly interest rate of UK monetary financial institutions (excl. Central Bank) sterling 2 year (75% LTV) fixed rate mortgage to households (in percent) not seasonally adjusted              [e] [i] [c] [d]             IUMBV34","Monthly interest rate of UK monetary financial institutions (excl. Central Bank) sterling 3 year (75% LTV) fixed rate mortgage to households (in percent) not seasonally adjusted              [e] [f] [c] [d]             IUMBV37","Monthly interest rate of UK monetary financial institutions (excl. Central Bank) sterling 5 year (75% LTV) fixed rate mortgage to households (in percent) not seasonally adjusted              [e] [f] [c] [d]             IUMBV42","Monthly interest rate of UK monetary financial institutions (excl. Central Bank) sterling 10 year (75% LTV) fixed rate mortgage to households (in percent) not seasonally adjusted              [e] [c] [d]             IUMBV45","Monthly interest rate of UK monetary financial institutions (excl. Central Bank) sterling 2 year (75% LTV) variable rate mortgage to households (in percent) not seasonally adjusted              [e] [g] [c] [d]             IUMBV48","Monthly interest rate of UK monetary financial institutions (excl. Central Bank) sterling personal loan, Â£5K to households (in percent) not seasonally adjusted              [j] [k] [c] [d]             IUMBX67","Monthly interest rate of UK monetary financial institutions (excl. Central Bank) sterling representative credit card lending to households (in percent) not seasonally adjusted              [e] [c] [d]             IUMCCTL","Monthly interest rate of UK monetary financial institutions (excl. Central Bank) sterling personal loan, Â£10K to households (in percent) not seasonally adjusted              [e] [j] [c] [d]             IUMHPTL","Monthly interest rate of UK monetary financial institutions (excl. Central Bank) sterling overdrafts to households (in percent) not seasonally adjusted              [l] [c] [d]             IUMODTL","Monthly interest rate of UK monetary financial institutions (excl. Central Bank) sterling revert-to-rate mortgage to households (in percent) not seasonally adjusted              [e] [c] [d]             IUMTLMV","Monthly interest rate of UK monetary financial institutions (excl. Central Bank) sterling 2 year (60% LTV) fixed rate mortgage to households (in percent) not seasonally adjusted              [c] [d]             IUMZICQ","Monthly interest rate of UK monetary financial institutions (excl. Central Bank) sterling 2 year (85% LTV) fixed rate mortgage to households (in percent) not seasonally adjusted              [c] [d]             IUMZICR","Monthly interest rate of UK monetary financial institutions (excl. Central Bank) sterling 2 year (75% LTV) buy to let fixed rate mortgage to households (in percent) not seasonally adjusted              [c] [d]             IUMZID4","Monthly interest rate of UK monetary financial institutions (excl. Central Bank) sterling 5 year (60% LTV) fixed rate mortgage to households (in percent) not seasonally adjusted              [d]             IUMZO27","Monthly interest rate of UK monetary financial institutions (excl. Central Bank) sterling 5 year (90% LTV) fixed rate mortgage to households (in percent) not seasonally adjusted              [d]             IUMZO28","Monthly interest rate of UK monetary financial institutions (excl. Central Bank) sterling 2 year (60% LTV) buy to let fixed rate mortgage to households (in percent) not seasonally adjusted              [d]             IUMZO29","Monthly interest rate of UK monetary financial institutions (excl. Central Bank) sterling 5 year (60% LTV) buy to let fixed rate mortgage to households (in percent) not seasonally adjusted              [d] [h]             IUMZO2A","Monthly interest rate of UK monetary financial institutions (excl. Central Bank) sterling 5 year (75% LTV) buy to let fixed rate mortgage to households (in percent) not seasonally adjusted              [d] [h]             IUMZO2B","Monthly interest rate of UK monetary financial institutions (excl. Central Bank) sterling personal loan, Â£3K to households (in percent) not seasonally adjusted              [d]             IUMZO2C","Monthly interest rate of UK monetary financial institutions (excl. Central Bank) sterling personal loan, Â£25K to households (in percent) not seasonally adjusted              [d]             IUMZO2D","Monthly interest rate of UK monetary financial institutions (excl. Central Bank) sterling 0% purchase period credit card lending to households (in percent) not seasonally adjusted              [d]             IUMZO2E","Monthly interest rate of UK monetary financial institutions (excl. Central Bank) sterling 0% balance transfer period credit card lending to households (in percent) not seasonally adjusted              [d]             IUMZO2F","Monthly interest rate of UK monetary financial institutions (excl. Central Bank) sterling lowest APR credit card lending to households (in percent) not seasonally adjusted              [d]             IUMZO2G","Quarterly average of official Bank Rate              [m] [n]             IUQABEDR"
"30 Sep 19","3.02","2.97","3.38","2.22","2.08","1.56","1.66","1.8","2.65","1.61","7.88","20.01","3.61","18.59","4.29","1.41","1.77","2.07","1.77","2.48","1.68","2.03","2.49","17.59","4.42","20.34","20.18","16.83","0.75"
"31 Aug 19","3.02","2.95","3.42","2.22","2.09","1.61","1.74","1.9","2.62","1.6","7.88","20.01","3.62","18.59","4.29","1.48","1.8","2.17","1.84","2.48","1.7","2.06","2.5","17.47","4.42","20.34","20.18","15.55","n/a"
"31 Jul 19","2.99","2.95","3.43","2.23","2.14","1.63","1.76","1.94","2.6","1.6","7.82","20.01","3.61","18.58","4.29","1.53","1.81","2.22","1.89","2.52","1.72","2.08","2.53","17.76","4.48","20.32","20.16","15.02","n/a"
"30 Jun 19","2.95","2.95","3.44","2.21","2.18","1.64","1.77","1.97","2.59","1.6","7.9","19.99","3.65","18.55","4.29","1.56","1.8","2.29","1.93","2.53","1.85","2.09","2.58","17.89","4.49","20.34","20.18","14.88","0.75"
"31 May 19","2.95","2.93","3.46","2.21","2.19","1.65","1.79","1.99","2.57","1.6","7.83","20","3.65","18.53","4.29","1.56","1.81","2.28","1.93","2.54","1.85","2.12","2.6","17.83","4.52","20.36","20.19","14.85","n/a"
"30 Apr 19","2.95","2.92","3.46","2.21","2.15","1.66","1.79","2","2.55","1.62","7.74","19.92","3.64","18.52","4.31","1.6","1.83","2.29","1.92","2.54","1.86","2.16","2.64","17.62","4.48","20.31","20.15","14.74","n/a"
"31 Mar 19","2.95","2.97","3.57","2.31","2.17","1.7","1.8","2.03","2.56","1.61","7.71","19.83","3.69","18.5","4.31","1.59","1.85","2.25","1.95","2.56","1.87","2.18","2.68","17.68","4.52","20.3","19.96","14.8","0.75"
"28 Feb 19","2.98","2.99","3.6","2.31","2.17","1.7","1.8","2.05","2.55","1.61","7.67","19.73","3.69","18.52","4.31","1.61","1.85","2.22","1.96","2.56","1.86","2.2","2.69","17.7","4.5","20.28","20.08","14.74","n/a"
"31 Jan 19","..","3.04","3.64","2.13","2.23","1.72","1.8","2.05","2.66","1.62","7.98","18.67","3.73","19.7","4.48","1.65","1.86","2.37","n/a","n/a","n/a","n/a","n/a","n/a","n/a","n/a","n/a","n/a","n/a"
"31 Dec 18","..","3.18","3.72","2.13","2.24","1.73","1.81","2.01","2.64","1.7","8.03","18.66","3.83","19.69","4.4","1.61","1.84","2.38","n/a","n/a","n/a","n/a","n/a","n/a","n/a","n/a","n/a","n/a","0.75"
"30 Nov 18","..","3.23","3.81","2.13","2.28","1.75","1.82","2.02","2.67","1.68","7.88","18.69","3.81","19.69","4.41","1.67","1.88","2.36","n/a","n/a","n/a","n/a","n/a","n/a","n/a","n/a","n/a","n/a","n/a"
"31 Oct 18","..","3.33","3.88","2.13","2.27","1.8","1.85","2.06","2.72","1.72","7.74","18.38","3.77","19.69","4.45","1.64","1.93","2.35","n/a","n/a","n/a","n/a","n/a","n/a","n/a","n/a","n/a","n/a","n/a"
"30 Sep 18","..","3.38","3.94","2.11","2.12","1.71","1.81","2.01","2.68","1.68","7.88","18.46","3.81","19.69","4.39","1.65","1.93","2.33","n/a","n/a","n/a","n/a","n/a","n/a","n/a","n/a","n/a","n/a","0.6602"
"31 Aug 18","..","3.61","4.15","2.1","2.28","1.75","1.82","2.03","2.7","1.7","7.82","18.47","3.77","19.68","4.35","1.7","1.97","2.24","n/a","n/a","n/a","n/a","n/a","n/a","n/a","n/a","n/a","n/a","n/a"
"31 Jul 18","..","3.78","4.29","1.88","2.3","1.75","1.82","2.04","2.76","1.54","7.76","18.35","3.76","19.68","4.1","1.73","1.99","2.27","n/a","n/a","n/a","n/a","n/a","n/a","n/a","n/a","n/a","n/a","n/a"
"30 Jun 18","..","3.95","4.39","1.83","2.37","1.74","1.8","2.03","2.74","1.56","8.09","18.26","3.83","19.68","4.06","1.68","2.08","2.28","n/a","n/a","n/a","n/a","n/a","n/a","n/a","n/a","n/a","n/a","0.5"
"31 May 18","..","3.95","4.43","1.87","2.34","1.74","1.83","2.06","2.76","1.59","8.04","18.24","3.73","19.67","4.16","1.69","2.06","2.26","n/a","n/a","n/a","n/a","n/a","n/a","n/a","n/a","n/a","n/a","n/a"
"30 Apr 18","..","3.9","4.37","1.85","2.36","1.72","1.81","2.01","2.78","1.64","8.14","18.26","3.81","19.67","4.17","1.73","1.85","2.28","n/a","n/a","n/a","n/a","n/a","n/a","n/a","n/a","n/a","n/a","n/a"
"31 Mar 18","..","3.77","4.44","1.85","2.2","1.53","1.77","2.02","2.76","1.58","7.98","17.92","3.8","19.66","4.14","1.52","1.76","2.33","n/a","n/a","n/a","n/a","n/a","n/a","n/a","n/a","n/a","n/a","0.5"
"28 Feb 18","..","3.82","4.5","1.85","2.21","1.49","1.75","1.99","2.71","1.61","8.04","17.92","3.82","19.67","4.23","1.45","1.71","2.32","n/a","n/a","n/a","n/a","n/a","n/a","n/a","n/a","n/a","n/a","n/a"
"31 Jan 18","..","3.82","4.49","1.91","2.17","1.54","1.7","1.98","2.66","1.72","8.33","17.92","3.85","19.67","4.21","1.42","1.64","2.3","n/a","n/a","n/a","n/a","n/a","n/a","n/a","n/a","n/a","n/a","n/a"
"31 Dec 17","..","3.89","4.54","..","2.21","1.57","1.7","2.07","2.66","1.69","8.33","17.95","3.85","19.66","4.54","1.41","1.69","2.49","n/a","n/a","n/a","n/a","n/a","n/a","n/a","n/a","n/a","n/a","0.4087"
"30 Nov 17","..","3.97","4.58","..","2.36","1.61","1.68","2.04","2.67","1.69","8.34","17.96","3.81","19.66","4.34","1.45","1.68","2.52","n/a","n/a","n/a","n/a","n/a","n/a","n/a","n/a","n/a","n/a","n/a"
"31 Oct 17","..","4.02","4.71","..","2.36","1.55","1.7","2.04","2.67","1.46","8.11","17.95","3.78","19.72","4.31","1.44","1.66","2.52","n/a","n/a","n/a","n/a","n/a","n/a","n/a","n/a","n/a","n/a","n/a"
"30 Sep 17","..","4.01","4.68","..","2.31","1.4","1.6","1.9","2.72","1.46","8.2","17.97","3.74","19.72","4.31","1.23","1.57","2.52","n/a","n/a","n/a","n/a","n/a","n/a","n/a","n/a","n/a","n/a","0.25"
"31 Aug 17","..","4.02","4.63","..","2.33","1.43","1.62","1.96","2.77","1.39","7.91","17.96","3.79","19.72","4.32","1.24","1.58","2.55","n/a","n/a","n/a","n/a","n/a","n/a","n/a","n/a","n/a","n/a","n/a"
"31 Jul 17","..","4.07","4.67","..","2.37","1.41","1.81","1.97","2.77","1.38","8.04","17.96","3.79","19.71","4.51","1.23","1.57","2.63","n/a","n/a","n/a","n/a","n/a","n/a","n/a","n/a","n/a","n/a","n/a"
"30 Jun 17","..","4.2","4.74","..","2.5","1.48","1.7","1.99","2.82","1.42","7.87","17.96","3.76","19.71","4.28","1.38","1.65","2.61","n/a","n/a","n/a","n/a","n/a","n/a","n/a","n/a","n/a","n/a","0.25"
"31 May 17","..","4.19","4.72","..","2.5","1.49","1.73","2.03","2.83","1.46","7.76","17.89","3.79","19.71","4.23","1.29","1.65","2.62","n/a","n/a","n/a","n/a","n/a","n/a","n/a","n/a","n/a","n/a","n/a"
"30 Apr 17","..","4.04","4.7","2.45","2.43","1.35","1.65","2.09","2.78","1.39","7.85","17.97","3.81","19.7","4.54","1.24","1.62","2.54","n/a","n/a","n/a","n/a","n/a","n/a","n/a","n/a","n/a","n/a","n/a"
"31 Mar 17","..","3.99","4.7","2.41","2.48","1.37","1.68","2.15","2.8","1.42","9.54","17.96","3.73","19.7","4.28","1.28","1.67","2.62","n/a","n/a","n/a","n/a","n/a","n/a","n/a","n/a","n/a","n/a","0.25"
"28 Feb 17","..","3.8","4.62","2.43","2.45","1.42","1.7","2.2","2.91","1.48","8.81","17.96","3.66","19.7","4.37","1.35","1.71","2.74","n/a","n/a","n/a","n/a","n/a","n/a","n/a","n/a","n/a","n/a","n/a"
"31 Jan 17","..","3.62","4.58","2.46","2.5","1.45","1.75","2.22","2.93","1.49","9.45","17.96","3.69","19.71","4.49","1.33","1.78","2.82","n/a","n/a","n/a","n/a","n/a","n/a","n/a","n/a","n/a","n/a","n/a"
"31 Dec 16","..","3.62","4.6","2.4","2.53","1.45","1.79","2.26","2.98","1.48","9.49","17.96","3.74","19.7","4.23","1.35","1.75","2.86","n/a","n/a","n/a","n/a","n/a","n/a","n/a","n/a","n/a","n/a","0.25"
"30 Nov 16","..","3.66","4.6","2.41","2.49","1.43","1.79","2.25","2.78","1.52","9.07","17.96","3.76","19.71","4.28","1.32","1.74","2.93","n/a","n/a","n/a","n/a","n/a","n/a","n/a","n/a","n/a","n/a","n/a"
"31 Oct 16","..","3.73","4.56","2.4","2.42","1.52","1.83","2.27","2.75","1.52","9.06","17.95","3.75","19.7","4.24","1.38","1.83","2.98","n/a","n/a","n/a","n/a","n/a","n/a","n/a","n/a","n/a","n/a","n/a"
"30 Sep 16","..","3.84","4.62","2.4","2.42","1.59","1.92","2.34","2.84","1.54","9.59","17.94","4.11","19.7","4.24","1.45","1.85","2.97","n/a","n/a","n/a","n/a","n/a","n/a","n/a","n/a","n/a","n/a","0.3423"
"31 Aug 16","..","3.88","4.64","2.34","2.55","1.69","2.02","2.39","3.04","1.52","9.13","17.93","4.14","19.71","4.3","1.59","1.92","3.15","n/a","n/a","n/a","n/a","n/a","n/a","n/a","n/a","n/a","n/a","n/a"
"31 Jul 16","..","3.85","4.65","2.62","2.57","1.72","2.09","2.51","3.05","1.72","9.19","17.96","4.13","19.68","4.55","1.73","1.9","3.13","n/a","n/a","n/a","n/a","n/a","n/a","n/a","n/a","n/a","n/a","n/a"
"30 Jun 16","..","3.88","4.65","2.55","2.64","1.75","2.13","2.54","3.1","1.62","9.27","17.94","4.28","19.68","4.52","1.71","1.99","3.15","n/a","n/a","n/a","n/a","n/a","n/a","n/a","n/a","n/a","n/a","0.5"
"31 May 16","..","3.93","4.68","2.66","2.75","1.91","2.12","2.64","3.15","1.61","9.41","17.93","4.33","19.67","4.56","1.7","2.18","3.21","n/a","n/a","n/a","n/a","n/a","n/a","n/a","n/a","n/a","n/a","n/a"
"30 Apr 16","..","3.92","4.71","2.69","2.71","1.84","2.13","2.71","3.12","1.67","9.27","17.96","4.3","19.67","4.64","1.67","2.17","3.21","n/a","n/a","n/a","n/a","n/a","n/a","n/a","n/a","n/a","n/a","n/a"
"31 Mar 16","..","3.92","4.68","2.68","2.87","1.9","2.14","2.7","3.19","1.67","9.44","17.94","4.38","19.67","4.57","1.62","2.17","3.19","n/a","n/a","n/a","n/a","n/a","n/a","n/a","n/a","n/a","n/a","0.5"
"29 Feb 16","..","3.99","4.7","2.68","2.88","1.95","2.14","2.73","3.2","1.68","8.95","17.94","4.27","19.67","4.58","1.68","2.26","3.19","n/a","n/a","n/a","n/a","n/a","n/a","n/a","n/a","n/a","n/a","n/a"
"31 Jan 16","..","3.95","4.71","2.67","2.85","1.93","2.19","2.68","3.27","1.68","9.11","17.96","4.29","19.67","4.56","1.7","2.3","3.24","n/a","n/a","n/a","n/a","n/a","n/a","n/a","n/a","n/a","n/a","n/a"
"31 Dec 15","..","4.06","4.82","2.65","2.87","1.9","2.26","2.75","3.36","1.78","8.39","17.93","4.45","19.7","4.49","1.7","2.22","3.36","n/a","n/a","n/a","n/a","n/a","n/a","n/a","n/a","n/a","n/a","0.5"
"30 Nov 15","..","4.13","4.85","2.5","2.88","1.92","2.27","2.77","3.37","1.78","8.14","17.94","4.44","19.68","4.49","1.67","2.21","3.36","n/a","n/a","n/a","n/a","n/a","n/a","n/a","n/a","n/a","n/a","n/a"
"31 Oct 15","..","4.22","4.89","2.53","2.89","1.87","2.3","2.78","3.29","1.78","7.77","17.95","4.37","19.67","4.54","1.63","2.2","3.47","n/a","n/a","n/a","n/a","n/a","n/a","n/a","n/a","n/a","n/a","n/a"
"30 Sep 15","..","4.22","4.88","2.85","3.03","1.91","2.4","2.84","3.35","1.74","7.73","17.93","4.33","19.68","4.5","1.64","2.23","3.53","n/a","n/a","n/a","n/a","n/a","n/a","n/a","n/a","n/a","n/a","0.5"
"31 Aug 15","..","4.36","4.97","2.85","3.15","1.95","2.55","2.92","3.33","1.72","7.48","17.91","4.25","19.67","4.48","1.65","2.29","3.54","n/a","n/a","n/a","n/a","n/a","n/a","n/a","n/a","n/a","n/a","n/a"
"31 Jul 15","..","4.32","4.97","2.88","3.26","1.87","2.54","2.83","3.34","1.7","7.87","17.9","4.25","19.67","4.5","1.6","2.33","3.54","n/a","n/a","n/a","n/a","n/a","n/a","n/a","n/a","n/a","n/a","n/a"
"30 Jun 15","..","4.39","4.96","2.89","3.34","1.83","2.54","2.82","3.24","1.66","8.82","17.84","4.28","19.67","4.49","1.6","2.3","3.64","n/a","n/a","n/a","n/a","n/a","n/a","n/a","n/a","n/a","n/a","0.5"
"31 May 15","..","4.57","4.96","2.76","3.53","1.9","2.56","2.86","3.28","1.56","8.91","17.87","4.33","19.67","4.55","1.64","2.51","3.61","n/a","n/a","n/a","n/a","n/a","n/a","n/a","n/a","n/a","n/a","n/a"
"30 Apr 15","..","4.58","4.98","..","3.53","1.95","2.57","2.92","3.49","1.55","8.97","17.85","4.34","19.67","4.53","1.65","2.53","3.66","n/a","n/a","n/a","n/a","n/a","n/a","n/a","n/a","n/a","n/a","n/a"
"31 Mar 15","..","4.72","4.98","..","3.74","1.99","2.63","2.98","3.47","1.56","8.78","17.84","4.41","19.67","4.51","1.59","2.59","3.74","n/a","n/a","n/a","n/a","n/a","n/a","n/a","n/a","n/a","n/a","0.5"
"28 Feb 15","..","4.67","5.02","..","3.77","1.96","2.62","3.05","3.67","1.61","8.79","17.85","4.51","19.67","4.51","1.67","2.66","3.66","n/a","n/a","n/a","n/a","n/a","n/a","n/a","n/a","n/a","n/a","n/a"
"31 Jan 15","..","4.74","5.06","..","3.71","2.01","2.86","3.09","3.95","1.6","8.98","17.85","4.8","19.67","4.56","1.81","2.69","3.61","n/a","n/a","n/a","n/a","n/a","n/a","n/a","n/a","n/a","n/a","n/a"
"31 Dec 14","..","5.27","5.43","..","3.89","2.08","2.89","3.21","4","1.6","8.78","17.75","4.93","19.66","4.48","1.9","2.84","3.68","n/a","n/a","n/a","n/a","n/a","n/a","n/a","n/a","n/a","n/a","0.5"
"30 Nov 14","..","5.27","5.52","..","3.84","2.17","2.89","3.21","4.04","1.81","8.82","17.81","4.92","19.67","4.49","1.95","2.87","3.67","n/a","n/a","n/a","n/a","n/a","n/a","n/a","n/a","n/a","n/a","n/a"
"31 Oct 14","..","5.2","5.58","..","3.98","2.21","2.92","3.27","4.04","1.88","8.62","17.54","5.01","19.67","4.53","1.94","3.02","3.65","n/a","n/a","n/a","n/a","n/a","n/a","n/a","n/a","n/a","n/a","n/a"
"30 Sep 14","..","5.28","5.63","..","4.23","2.46","2.94","3.61","4.06","2.44","9.2","17.47","4.96","19.67","4.52","2.08","3.13","3.68","n/a","n/a","n/a","n/a","n/a","n/a","n/a","n/a","n/a","n/a","0.5"
"31 Aug 14","..","5.28","5.58","..","4.34","2.54","3.01","3.76","4.36","2.74","9.68","17.39","5.12","19.67","4.45","2.19","3.39","3.76","n/a","n/a","n/a","n/a","n/a","n/a","n/a","n/a","n/a","n/a","n/a"
"31 Jul 14","..","5.33","5.58","..","4.47","2.54","3.02","3.78","..","2.74","9.66","17.37","5.13","19.67","4.45","2.24","3.44","3.84","n/a","n/a","n/a","n/a","n/a","n/a","n/a","n/a","n/a","n/a","n/a"
"30 Jun 14","..","5.32","5.58","..","4.5","2.6","3.01","3.69","..","2.71","9.78","17.36","5.23","19.66","4.36","2.19","3.44","3.89","n/a","n/a","n/a","n/a","n/a","n/a","n/a","n/a","n/a","n/a","0.5"
"31 May 14","..","5.2","5.57","..","4.49","2.56","2.99","3.72","..","2.72","9.86","17.37","5.29","19.61","4.42","2.11","3.41","3.87","n/a","n/a","n/a","n/a","n/a","n/a","n/a","n/a","n/a","n/a","n/a"
"30 Apr 14","..","5.14","5.55","3.81","4.48","2.54","2.96","3.69","..","2.73","9.86","17.32","5.45","19.54","4.43","2.07","3.36","4.02","n/a","n/a","n/a","n/a","n/a","n/a","n/a","n/a","n/a","n/a","n/a"
"31 Mar 14","..","5.06","5.46","..","4.38","2.37","2.97","3.48","..","2.68","9.75","17.31","5.4","19.54","4.43","1.9","3.35","4.12","n/a","n/a","n/a","n/a","n/a","n/a","n/a","n/a","n/a","n/a","0.5"
"28 Feb 14","..","5.05","5.45","4.49","4.39","2.38","2.96","3.45","..","2.82","9.72","18.31","5.33","19.55","4.43","1.87","3.24","4.05","n/a","n/a","n/a","n/a","n/a","n/a","n/a","n/a","n/a","n/a","n/a"
"31 Jan 14","..","5.05","5.44","..","4.34","2.37","2.93","3.34","..","2.76","9.89","18.17","5.56","19.54","4.41","1.88","3.15","4.07","n/a","n/a","n/a","n/a","n/a","n/a","n/a","n/a","n/a","n/a","n/a"
"31 Dec 13","..","5.08","5.35","..","4.36","2.4","2.9","3.34","..","2.77","10.08","18.14","5.74","19.54","4.39","1.95","3.38","4.05","n/a","n/a","n/a","n/a","n/a","n/a","n/a","n/a","n/a","n/a","0.5"
"30 Nov 13","..","5.04","5.32","..","4.41","2.44","2.91","3.36","..","2.83","10.9","18.13","5.76","19.54","4.41","1.95","3.4","4.12","n/a","n/a","n/a","n/a","n/a","n/a","n/a","n/a","n/a","n/a","n/a"
"31 Oct 13","..","5.1","..","..","4.42","2.48","2.89","3.37","..","2.91","10.36","17.88","6.25","19.54","4.37","1.98","3.44","4.19","n/a","n/a","n/a","n/a","n/a","n/a","n/a","n/a","n/a","n/a","n/a"
"30 Sep 13","..","..","..","..","4.56","2.54","2.91","3.4","..","2.97","10.3","17.88","6.13","19.54","4.35","2","3.48","4.21","n/a","n/a","n/a","n/a","n/a","n/a","n/a","n/a","n/a","n/a","0.5"
"31 Aug 13","..","..","..","..","4.52","2.58","2.87","3.35","..","2.8","10.11","17.87","6.18","19.54","4.36","2.07","3.57","4.21","n/a","n/a","n/a","n/a","n/a","n/a","n/a","n/a","n/a","n/a","n/a"
"31 Jul 13","..","..","..","..","4.58","2.62","2.96","3.39","..","2.85","10.91","17.89","6.1","19.55","4.37","2.07","3.66","4.21","n/a","n/a","n/a","n/a","n/a","n/a","n/a","n/a","n/a","n/a","n/a"
"30 Jun 13","..","..","..","..","4.59","2.63","2.95","3.41","..","2.91","11.15","17.84","6.62","19.55","4.38","2.09","3.94","4.25","n/a","n/a","n/a","n/a","n/a","n/a","n/a","n/a","n/a","n/a","0.5"
"31 May 13","..","..","..","..","4.61","2.69","3","3.44","..","2.93","11.77","17.85","6.64","19.55","4.38","2.16","4.04","4.17","n/a","n/a","n/a","n/a","n/a","n/a","n/a","n/a","n/a","n/a","n/a"
"30 Apr 13","..","..","..","..","4.67","2.87","2.98","3.61","..","2.98","11.7","17.71","6.65","19.54","4.35","2.25","3.89","4.28","n/a","n/a","n/a","n/a","n/a","n/a","n/a","n/a","n/a","n/a","n/a"
"31 Mar 13","..","..","..","..","4.67","2.9","3.3","3.63","..","3.08","11.77","17.69","6.69","19.54","4.34","2.26","3.9","4.69","n/a","n/a","n/a","n/a","n/a","n/a","n/a","n/a","n/a","n/a","0.5"
"28 Feb 13","..","..","..","..","4.73","2.92","3.28","3.62","4.49","3.09","12.16","17.69","6.89","19.55","4.38","2.34","3.9","4.51","n/a","n/a","n/a","n/a","n/a","n/a","n/a","n/a","n/a","n/a","n/a"
"31 Jan 13","..","..","..","..","4.86","3.11","3.43","3.71","..","3.36","12.32","17.61","6.93","19.55","4.38","2.38","3.96","4.59","n/a","n/a","n/a","n/a","n/a","n/a","n/a","n/a","n/a","n/a","n/a"
"31 Dec 12","..","..","..","..","5.39","3.35","3.67","3.91","..","3.44","12.37","17.33","7.06","19.65","4.35","2.5","4.21","4.95","n/a","n/a","n/a","n/a","n/a","n/a","n/a","n/a","n/a","n/a","0.5"
"30 Nov 12","..","..","..","..","5.64","3.43","3.75","3.92","..","3.47","14.03","17.32","7.3","19.65","4.32","2.45","4.5","4.8","n/a","n/a","n/a","n/a","n/a","n/a","n/a","n/a","n/a","n/a","n/a"
"31 Oct 12","..","..","..","..","5.64","3.49","3.88","3.96","..","3.49","13.44","17.33","7.48","19.65","4.32","2.6","4.62","5.06","n/a","n/a","n/a","n/a","n/a","n/a","n/a","n/a","n/a","n/a","n/a"
"30 Sep 12","..","..","..","..","5.85","3.67","4.05","4.07","..","3.52","13.44","17.25","7.45","19.52","4.29","2.99","4.59","5.08","n/a","n/a","n/a","n/a","n/a","n/a","n/a","n/a","n/a","n/a","0.5"
"31 Aug 12","..","..","..","..","5.93","3.69","4.01","4.11","..","3.54","13.12","17.26","7.83","19.53","4.27","3.09","4.6","5.36","n/a","n/a","n/a","n/a","n/a","n/a","n/a","n/a","n/a","n/a","n/a"
"31 Jul 12","..","..","..","..","5.83","3.67","3.97","4.18","..","3.51","13.11","17.26","7.83","19.53","4.24","3.14","4.53","5.38","n/a","n/a","n/a","n/a","n/a","n/a","n/a","n/a","n/a","n/a","n/a"
"30 Jun 12","..","..","..","..","5.7","3.74","4.09","4.3","..","3.53","13.3","17.25","7.97","19.51","4.22","3.27","4.68","5.36","n/a","n/a","n/a","n/a","n/a","n/a","n/a","n/a","n/a","n/a","0.5"
"31 May 12","..","..","..","5.69","6.07","3.68","4.1","4.28","..","3.53","13.31","17.26","7.93","19.51","4.16","3.22","4.68","5.29","n/a","n/a","n/a","n/a","n/a","n/a","n/a","n/a","n/a","n/a","n/a"
"30 Apr 12","..","..","..","5.49","5.79","3.66","4.03","4.29","..","3.41","13.04","17.25","7.9","19.51","4.1","3.15","4.47","5.29","n/a","n/a","n/a","n/a","n/a","n/a","n/a","n/a","n/a","n/a","n/a"
"31 Mar 12","..","..","..","..","5.76","3.44","3.91","4.19","..","3.26","13.08","17.31","7.92","19.51","4.1","3.03","4.29","5.21","n/a","n/a","n/a","n/a","n/a","n/a","n/a","n/a","n/a","n/a","0.5"
"29 Feb 12","..","..","..","..","5.6","3.37","3.86","4.17","..","3.24","12.91","17.31","7.84","19.51","4.14","3.02","4.1","5.26","n/a","n/a","n/a","n/a","n/a","n/a","n/a","n/a","n/a","n/a","n/a"
"31 Jan 12","..","..","..","5.27","5.53","3.27","3.77","4.18","..","3.2","13.22","17.32","8.61","19.5","4.18","2.76","4.04","5.28","n/a","n/a","n/a","n/a","n/a","n/a","n/a","n/a","n/a","n/a","n/a"
"31 Dec 11","..","..","..","5.11","5.45","3.22","3.63","4.06","..","3.02","13.88","17.29","8.86","19.47","4.12","n/a","n/a","n/a","n/a","n/a","n/a","n/a","n/a","n/a","n/a","n/a","n/a","n/a","0.5"
"30 Nov 11","..","..","..","5.09","5.37","3.14","3.64","4.08","..","2.94","13.57","16.93","9","19.39","4.13","n/a","n/a","n/a","n/a","n/a","n/a","n/a","n/a","n/a","n/a","n/a","n/a","n/a","n/a"
"31 Oct 11","..","..","..","..","5.31","3.04","3.6","4","..","2.83","13.26","16.73","8.97","19.38","4.14","n/a","n/a","n/a","n/a","n/a","n/a","n/a","n/a","n/a","n/a","n/a","n/a","n/a","n/a"
"30 Sep 11","..","..","..","5.08","5.27","2.92","3.58","3.98","..","2.73","13.26","16.72","8.96","19.38","4.12","n/a","n/a","n/a","n/a","n/a","n/a","n/a","n/a","n/a","n/a","n/a","n/a","n/a","0.5"
"31 Aug 11","..","..","..","5.1","5.5","3","3.82","4.51","..","2.69","13.11","16.73","8.98","19.38","4.11","n/a","n/a","n/a","n/a","n/a","n/a","n/a","n/a","n/a","n/a","n/a","n/a","n/a","n/a"
"31 Jul 11","..","..","..","5.09","5.75","3.14","4.13","4.69","..","2.61","13.12","16.72","9.18","19.38","4.1","n/a","n/a","n/a","n/a","n/a","n/a","n/a","n/a","n/a","n/a","n/a","n/a","n/a","n/a"
"30 Jun 11","..","..","..","5.12","5.77","3.36","4.31","4.9","..","2.76","13.13","16.73","9.29","19.39","4.05","n/a","n/a","n/a","n/a","n/a","n/a","n/a","n/a","n/a","n/a","n/a","n/a","n/a","0.5"
"31 May 11","..","..","..","5.33","5.93","3.51","4.34","5.02","..","2.94","13.18","16.73","9.22","19.38","4","n/a","n/a","n/a","n/a","n/a","n/a","n/a","n/a","n/a","n/a","n/a","n/a","n/a","n/a"
"30 Apr 11","..","..","..","5.25","5.98","3.66","4.43","5.1","..","2.9","12.96","16.72","8.17","19.4","4","n/a","n/a","n/a","n/a","n/a","n/a","n/a","n/a","n/a","n/a","n/a","n/a","n/a","n/a"
"31 Mar 11","..","..","..","5.27","5.91","3.68","4.44","5.1","..","2.9","12.02","16.66","8.4","19.08","4.07","n/a","n/a","n/a","n/a","n/a","n/a","n/a","n/a","n/a","n/a","n/a","n/a","n/a","0.5"
"28 Feb 11","..","..","..","5.28","5.92","3.7","4.47","5.15","..","2.96","11.79","16.69","8.45","19.09","4.07","n/a","n/a","n/a","n/a","n/a","n/a","n/a","n/a","n/a","n/a","n/a","n/a","n/a","n/a"
"31 Jan 11","..","..","..","5.27","6.18","3.7","4.3","5.03","..","2.99","11.78","16.8","8.57","19.09","4.04","n/a","n/a","n/a","n/a","n/a","n/a","n/a","n/a","n/a","n/a","n/a","n/a","n/a","n/a"
"31 Dec 10","..","..","..","5.33","6.15","3.5","4.15","4.76","..","2.96","12.04","16.66","8.95","19.1","3.91","n/a","n/a","n/a","n/a","n/a","n/a","n/a","n/a","n/a","n/a","n/a","n/a","n/a","0.5"
"30 Nov 10","..","..","..","5.34","6.16","3.53","4.15","4.73","..","2.95","12.44","16.68","9.11","19.08","3.91","n/a","n/a","n/a","n/a","n/a","n/a","n/a","n/a","n/a","n/a","n/a","n/a","n/a","n/a"
"31 Oct 10","..","..","..","5.33","6.14","3.68","4.24","4.86","..","3.02","12.38","16.68","9.16","19.09","3.91","n/a","n/a","n/a","n/a","n/a","n/a","n/a","n/a","n/a","n/a","n/a","n/a","n/a","n/a"
"30 Sep 10","..","..","..","5.08","6.27","3.8","4.33","5.04","..","2.99","12.26","16.69","9.89","19.08","3.93","n/a","n/a","n/a","n/a","n/a","n/a","n/a","n/a","n/a","n/a","n/a","n/a","n/a","0.5"
"31 Aug 10","..","..","..","5.23","6.35","3.74","4.36","5.07","..","2.96","11.63","16.71","9.58","19.08","3.94","n/a","n/a","n/a","n/a","n/a","n/a","n/a","n/a","n/a","n/a","n/a","n/a","n/a","n/a"
"31 Jul 10","..","..","..","5.24","6.52","3.77","4.45","5.24","..","3.05","11.77","16.7","9.77","18.89","3.92","n/a","n/a","n/a","n/a","n/a","n/a","n/a","n/a","n/a","n/a","n/a","n/a","n/a","n/a"
"30 Jun 10","..","..","..","5.25","6.6","3.67","4.46","5.35","..","3.06","12.19","16.7","9.78","18.89","3.92","n/a","n/a","n/a","n/a","n/a","n/a","n/a","n/a","n/a","n/a","n/a","n/a","n/a","0.5"
"31 May 10","..","..","..","5.09","6.63","3.78","4.56","5.38","..","3.05","12.2","16.52","9.71","18.89","3.94","n/a","n/a","n/a","n/a","n/a","n/a","n/a","n/a","n/a","n/a","n/a","n/a","n/a","n/a"
"30 Apr 10","..","..","..","5.06","6.65","3.82","4.65","5.5","..","3.01","12.3","16.51","9.74","18.95","3.99","n/a","n/a","n/a","n/a","n/a","n/a","n/a","n/a","n/a","n/a","n/a","n/a","n/a","n/a"
"31 Mar 10","..","..","..","5.06","6.61","3.92","4.68","5.5","..","3","12.01","16.53","9.65","18.96","4.04","n/a","n/a","n/a","n/a","n/a","n/a","n/a","n/a","n/a","n/a","n/a","n/a","n/a","0.5"
"28 Feb 10","..","..","..","5.05","6.62","3.88","4.68","5.5","..","3.01","11.84","16.52","9.54","18.95","4.05","n/a","n/a","n/a","n/a","n/a","n/a","n/a","n/a","n/a","n/a","n/a","n/a","n/a","n/a"
"31 Jan 10","..","..","..","5.07","6.61","3.97","4.64","5.56","..","2.99","11.95","16.37","9.77","18.95","4.08","n/a","n/a","n/a","n/a","n/a","n/a","n/a","n/a","n/a","n/a","n/a","n/a","n/a","n/a"
"31 Dec 09","..","..","..","..","6.64","4.05","4.84","5.67","..","3.31","12.71","16.25","10.65","18.97","3.97","n/a","n/a","n/a","n/a","n/a","n/a","n/a","n/a","n/a","n/a","n/a","n/a","n/a","0.5"
"30 Nov 09","..","..","..","..","6.62","4.1","4.88","5.71","..","3.3","12.93","15.89","10.77","18.96","3.98","n/a","n/a","n/a","n/a","n/a","n/a","n/a","n/a","n/a","n/a","n/a","n/a","n/a","n/a"
"31 Oct 09","..","..","..","..","6.55","4.32","4.82","5.67","..","3.3","12.94","15.89","10.83","18.96","3.91","n/a","n/a","n/a","n/a","n/a","n/a","n/a","n/a","n/a","n/a","n/a","n/a","n/a","n/a"
"30 Sep 09","..","..","..","..","6.42","4.47","4.82","5.69","..","3.25","12.75","15.86","10.43","18.96","3.91","n/a","n/a","n/a","n/a","n/a","n/a","n/a","n/a","n/a","n/a","n/a","n/a","n/a","0.5"
"31 Aug 09","..","..","..","..","6.44","4.43","4.81","5.72","6.28","3.25","12.67","15.89","10.45","18.97","3.93","n/a","n/a","n/a","n/a","n/a","n/a","n/a","n/a","n/a","n/a","n/a","n/a","n/a","n/a"
"31 Jul 09","..","..","..","..","6.47","4.42","4.67","5.68","6.28","3.42","12.52","15.86","9.84","18.97","4.11","n/a","n/a","n/a","n/a","n/a","n/a","n/a","n/a","n/a","n/a","n/a","n/a","n/a","n/a"
"30 Jun 09","..","..","..","..","6.47","4.45","4.86","5.54","6.28","3.47","12.45","15.87","9.87","18.97","3.95","n/a","n/a","n/a","n/a","n/a","n/a","n/a","n/a","n/a","n/a","n/a","n/a","n/a","0.5"
"31 May 09","..","..","..","0","..","3.98","4.29","4.93","5.64","3.55","12.44","15.87","9.63","18.61","3.83","n/a","n/a","n/a","n/a","n/a","n/a","n/a","n/a","n/a","n/a","n/a","n/a","n/a","n/a"
"30 Apr 09","..","..","..","0","..","4.02","4.3","4.88","5.64","3.59","12.57","15.72","9.66","18.62","3.82","n/a","n/a","n/a","n/a","n/a","n/a","n/a","n/a","n/a","n/a","n/a","n/a","n/a","n/a"
"31 Mar 09","..","..","..","0","..","3.98","4.41","4.95","5.65","3.64","12.51","15.73","9.66","18.62","4.06","n/a","n/a","n/a","n/a","n/a","n/a","n/a","n/a","n/a","n/a","n/a","n/a","n/a","1.0714"
"28 Feb 09","..","..","..","0","5.97","4.35","4.56","4.97","5.55","4.11","12.28","15.72","9.1","18.63","4.38","n/a","n/a","n/a","n/a","n/a","n/a","n/a","n/a","n/a","n/a","n/a","n/a","n/a","n/a"
"31 Jan 09","..","..","..","0","6.13","4.35","4.76","4.94","5.47","4.15","12.34","16.09","9.08","18.02","4.73","n/a","n/a","n/a","n/a","n/a","n/a","n/a","n/a","n/a","n/a","n/a","n/a","n/a","n/a"
"31 Dec 08","..","..","..","0","6.69","4.77","5.11","5.28","5.72","4.7","12.08","16.05","9.3","18.04","5.38","n/a","n/a","n/a","n/a","n/a","n/a","n/a","n/a","n/a","n/a","n/a","n/a","n/a","3.3672"
"30 Nov 08","..","..","..","6.37","6.58","5.1","5.47","5.47","5.85","5.08","12.02","16.05","9.3","18.05","6.34","n/a","n/a","n/a","n/a","n/a","n/a","n/a","n/a","n/a","n/a","n/a","n/a","n/a","n/a"
"31 Oct 08","..","..","..","6.3","6.41","5.83","5.95","5.88","6.2","5.94","11.66","16.06","9.16","18.04","6.91","n/a","n/a","n/a","n/a","n/a","n/a","n/a","n/a","n/a","n/a","n/a","n/a","n/a","n/a"
"30 Sep 08","..","..","7.1","6.24","6.56","5.96","5.86","5.84","6.04","5.94","11.47","16.12","9.57","18.04","6.95","n/a","n/a","n/a","n/a","n/a","n/a","n/a","n/a","n/a","n/a","n/a","n/a","n/a","5"
"31 Aug 08","..","..","7.1","6.29","6.8","6.08","6.06","6.09","6.24","5.95","11.03","16.13","9.24","17.91","6.93","n/a","n/a","n/a","n/a","n/a","n/a","n/a","n/a","n/a","n/a","n/a","n/a","n/a","n/a"
"31 Jul 08","..","..","7.14","6.24","6.94","6.35","6.39","6.37","6.44","5.96","10.67","16.12","8.64","17.91","6.92","n/a","n/a","n/a","n/a","n/a","n/a","n/a","n/a","n/a","n/a","n/a","n/a","n/a","n/a"
"30 Jun 08","..","..","7.13","6.37","6.67","6.6","6.39","6.4","6.46","6.04","10.46","16.12","8.53","17.91","6.92","n/a","n/a","n/a","n/a","n/a","n/a","n/a","n/a","n/a","n/a","n/a","n/a","n/a","5.0278"
"31 May 08","..","..","6.98","6.29","6.44","6.26","6.13","6.11","6.18","6.2","10.41","15.92","8.54","17.4","6.95","n/a","n/a","n/a","n/a","n/a","n/a","n/a","n/a","n/a","n/a","n/a","n/a","n/a","n/a"
"30 Apr 08","..","6.91","6.82","n/a","n/a","6.06","5.67","5.85","5.78","6.13","10.52","15.69","8.6","17.54","7.23","n/a","n/a","n/a","n/a","n/a","n/a","n/a","n/a","n/a","n/a","n/a","n/a","n/a","n/a"
"31 Mar 08","6.37","6.59","6.41","n/a","n/a","5.8","5.69","5.7","5.77","5.9","9.76","15.14","7.93","17.57","7.24","n/a","n/a","n/a","n/a","n/a","n/a","n/a","n/a","n/a","n/a","n/a","n/a","n/a","5.3548"
"29 Feb 08","6.09","6.52","6.31","n/a","n/a","5.74","5.81","5.68","5.7","5.73","9.87","15.12","7.71","17.58","7.5","n/a","n/a","n/a","n/a","n/a","n/a","n/a","n/a","n/a","n/a","n/a","n/a","n/a","n/a"
"31 Jan 08","6.33","6.41","6.33","n/a","n/a","5.97","6.02","5.91","5.95","5.93","9.91","15.2","7.86","17.5","7.51","n/a","n/a","n/a","n/a","n/a","n/a","n/a","n/a","n/a","n/a","n/a","n/a","n/a","n/a"
"31 Dec 07","6.06","6.54","6.6","n/a","n/a","6.06","6.22","5.97","5.93","5.75","9.77","15.11","7.88","17.76","7.68","n/a","n/a","n/a","n/a","n/a","n/a","n/a","n/a","n/a","n/a","n/a","n/a","n/a","5.6875"
"30 Nov 07","6.22","6.47","6.58","n/a","n/a","6.09","6.1","6.02","5.93","5.9","9.93","15.25","7.96","17.82","7.72","n/a","n/a","n/a","n/a","n/a","n/a","n/a","n/a","n/a","n/a","n/a","n/a","n/a","n/a"
"31 Oct 07","6.06","6.44","6.63","n/a","n/a","6.11","6.42","6.23","5.98","5.81","9.81","15.26","7.85","17.84","7.74","n/a","n/a","n/a","n/a","n/a","n/a","n/a","n/a","n/a","n/a","n/a","n/a","n/a","n/a"
"30 Sep 07","6.03","6.32","6.67","n/a","n/a","6.05","6.47","6.19","6","5.7","9.09","14.99","7.49","17.73","7.74","n/a","n/a","n/a","n/a","n/a","n/a","n/a","n/a","n/a","n/a","n/a","n/a","n/a","5.7383"
"31 Aug 07","6.13","6.54","6.7","n/a","n/a","6.11","6.5","6.28","6.24","5.68","9.08","15.22","7.46","17.81","7.69","n/a","n/a","n/a","n/a","n/a","n/a","n/a","n/a","n/a","n/a","n/a","n/a","n/a","n/a"
"31 Jul 07","6.01","6.33","6.59","n/a","n/a","6.07","6.21","6.33","6.22","5.66","8.93","15.22","7.42","17.73","7.44","n/a","n/a","n/a","n/a","n/a","n/a","n/a","n/a","n/a","n/a","n/a","n/a","n/a","n/a"
"30 Jun 07","5.96","6.26","6.43","n/a","n/a","5.98","6.12","6.1","5.97","5.63","8.85","15.38","7.35","17.77","7.46","n/a","n/a","n/a","n/a","n/a","n/a","n/a","n/a","n/a","n/a","n/a","n/a","n/a","5.3975"
"31 May 07","5.82","6.05","6.1","n/a","n/a","5.7","5.88","5.82","5.86","5.5","8.84","15.36","7.33","17.67","7.23","n/a","n/a","n/a","n/a","n/a","n/a","n/a","n/a","n/a","n/a","n/a","n/a","n/a","n/a"
"30 Apr 07","5.68","5.86","6.1","n/a","n/a","5.62","5.86","5.9","5.73","5.4","8.71","15.87","7.3","17.7","7.22","n/a","n/a","n/a","n/a","n/a","n/a","n/a","n/a","n/a","n/a","n/a","n/a","n/a","n/a"
"31 Mar 07","5.59","5.88","6.03","n/a","n/a","5.55","5.78","5.73","5.65","5.43","8.67","16.05","7.16","17.68","7.19","n/a","n/a","n/a","n/a","n/a","n/a","n/a","n/a","n/a","n/a","n/a","n/a","n/a","5.2227"
"28 Feb 07","5.59","5.82","6","n/a","n/a","5.46","5.67","5.73","5.7","5.39","9.09","15.76","7.23","17.71","7.2","n/a","n/a","n/a","n/a","n/a","n/a","n/a","n/a","n/a","n/a","n/a","n/a","n/a","n/a"
"31 Jan 07","5.42","5.68","5.89","n/a","n/a","5.32","5.48","5.61","5.6","5.24","8.96","15.67","7.16","17.16","7.01","n/a","n/a","n/a","n/a","n/a","n/a","n/a","n/a","n/a","n/a","n/a","n/a","n/a","n/a"
"31 Dec 06","5.39","5.44","5.71","n/a","n/a","5.15","5.32","5.49","5.4","5.11","8.67","15.68","7.13","17.15","6.98","n/a","n/a","n/a","n/a","n/a","n/a","n/a","n/a","n/a","n/a","n/a","n/a","n/a","4.8889"
"30 Nov 06","5.17","5.51","5.72","n/a","n/a","5.2","5.32","5.48","5.46","4.89","9.32","15.7","7.17","16.56","6.7","n/a","n/a","n/a","n/a","n/a","n/a","n/a","n/a","n/a","n/a","n/a","n/a","n/a","n/a"
"31 Oct 06","5.05","5.39","5.64","n/a","n/a","4.99","5.3","5.36","5.36","4.88","9.06","16.26","6.94","16.56","6.68","n/a","n/a","n/a","n/a","n/a","n/a","n/a","n/a","n/a","n/a","n/a","n/a","n/a","n/a"
"30 Sep 06","5.05","5.44","5.67","n/a","n/a","5.1","5.33","5.39","5.43","4.9","8.6","16.29","7.02","16.5","6.65","n/a","n/a","n/a","n/a","n/a","n/a","n/a","n/a","n/a","n/a","n/a","n/a","n/a","4.6602"
"31 Aug 06","4.89","5.42","5.69","n/a","n/a","5.1","5.33","5.4","5.46","4.74","9.28","16.22","7.53","16.4","6.4","n/a","n/a","n/a","n/a","n/a","n/a","n/a","n/a","n/a","n/a","n/a","n/a","n/a","n/a"
"31 Jul 06","4.71","5.39","5.6","n/a","n/a","5.01","5.23","5.31","5.45","4.57","9.14","16.03","7.48","16.39","6.4","n/a","n/a","n/a","n/a","n/a","n/a","n/a","n/a","n/a","n/a","n/a","n/a","n/a","n/a"
"30 Jun 06","4.81","5.31","5.58","n/a","n/a","5","5.2","5.34","5.52","4.59","9.65","16.62","7.09","16.38","6.4","n/a","n/a","n/a","n/a","n/a","n/a","n/a","n/a","n/a","n/a","n/a","n/a","n/a","4.5"
"31 May 06","4.84","5.23","5.47","n/a","n/a","5","5.14","5.36","5.53","4.6","9.37","16.67","7.09","16.23","6.4","n/a","n/a","n/a","n/a","n/a","n/a","n/a","n/a","n/a","n/a","n/a","n/a","n/a","n/a"
"30 Apr 06","4.8","5.03","5.22","n/a","n/a","4.77","5.06","5.09","5.2","4.66","9.72","16.56","7.17","16.25","6.41","n/a","n/a","n/a","n/a","n/a","n/a","n/a","n/a","n/a","n/a","n/a","n/a","n/a","n/a"
"31 Mar 06","4.79","5.04","5.14","n/a","n/a","4.72","5.05","4.98","4.99","4.66","9.85","16.56","7.26","16.22","6.41","n/a","n/a","n/a","n/a","n/a","n/a","n/a","n/a","n/a","n/a","n/a","n/a","n/a","4.5"
"28 Feb 06","4.76","5.01","5.14","n/a","n/a","4.71","4.9","4.93","5","4.59","9.87","16.61","7.31","16.1","6.37","n/a","n/a","n/a","n/a","n/a","n/a","n/a","n/a","n/a","n/a","n/a","n/a","n/a","n/a"
"31 Jan 06","4.77","4.96","5.11","n/a","n/a","4.62","4.85","4.92","5.16","4.62","10.12","16.5","7.25","16.1","6.36","n/a","n/a","n/a","n/a","n/a","n/a","n/a","n/a","n/a","n/a","n/a","n/a","n/a","n/a"
"31 Dec 05","4.74","5.04","5.19","n/a","n/a","4.74","4.86","5","5.24","4.61","10.28","16.47","7.3","16.11","6.35","n/a","n/a","n/a","n/a","n/a","n/a","n/a","n/a","n/a","n/a","n/a","n/a","n/a","4.5"
"30 Nov 05","4.76","4.98","5.17","n/a","n/a","4.74","4.84","4.98","5.25","4.59","10.09","16.47","7.44","16.12","6.35","n/a","n/a","n/a","n/a","n/a","n/a","n/a","n/a","n/a","n/a","n/a","n/a","n/a","n/a"
"31 Oct 05","4.77","4.78","5.01","n/a","n/a","4.54","4.77","4.85","5.14","4.56","9.86","15.74","7.29","16.06","6.35","n/a","n/a","n/a","n/a","n/a","n/a","n/a","n/a","n/a","n/a","n/a","n/a","n/a","n/a"
"30 Sep 05","4.76","4.74","4.98","n/a","n/a","4.52","4.88","4.82","5.11","4.59","10.01","15.76","7.24","16.08","6.4","n/a","n/a","n/a","n/a","n/a","n/a","n/a","n/a","n/a","n/a","n/a","n/a","n/a","4.5923"
"31 Aug 05","4.86","4.75","4.99","n/a","n/a","4.56","4.88","4.85","5.12","4.71","10.32","15.73","7.33","16.09","6.58","n/a","n/a","n/a","n/a","n/a","n/a","n/a","n/a","n/a","n/a","n/a","n/a","n/a","n/a"
"31 Jul 05","5","4.76","5","n/a","n/a","4.59","4.85","4.84","5.12","4.87","11.08","15.73","7.35","16.08","6.61","n/a","n/a","n/a","n/a","n/a","n/a","n/a","n/a","n/a","n/a","n/a","n/a","n/a","n/a"
"30 Jun 05","4.99","5.01","5.14","n/a","n/a","4.77","5","4.92","5.21","4.87","11.08","15.72","7.35","16.08","6.62","n/a","n/a","n/a","n/a","n/a","n/a","n/a","n/a","n/a","n/a","n/a","n/a","n/a","4.75"
"31 May 05","5","5.27","5.33","n/a","n/a","4.91","5.15","5.05","5.37","4.86","10.96","15.96","7.45","15.97","6.62","n/a","n/a","n/a","n/a","n/a","n/a","n/a","n/a","n/a","n/a","n/a","n/a","n/a","n/a"
"30 Apr 05","5.11","5.43","5.45","n/a","n/a","5.16","5.25","5.23","5.42","4.88","10.92","16.2","7.87","15.16","6.62","n/a","n/a","n/a","n/a","n/a","n/a","n/a","n/a","n/a","n/a","n/a","n/a","n/a","n/a"
"31 Mar 05","5.06","5.48","5.49","n/a","n/a","5.2","5.24","5.28","5.62","4.82","10.92","16.23","9.13","15.18","6.61","n/a","n/a","n/a","n/a","n/a","n/a","n/a","n/a","n/a","n/a","n/a","n/a","n/a","4.75"
"28 Feb 05","4.98","5.31","5.39","n/a","n/a","5.07","5.32","5.25","5.68","4.82","10.76","15.88","8.89","15.09","6.61","n/a","n/a","n/a","n/a","n/a","n/a","n/a","n/a","n/a","n/a","n/a","n/a","n/a","n/a"
"31 Jan 05","4.99","5.3","5.41","n/a","n/a","4.99","5.09","5.2","5.63","4.83","10.85","15.86","8.8","15.08","6.61","n/a","n/a","n/a","n/a","n/a","n/a","n/a","n/a","n/a","n/a","n/a","n/a","n/a","n/a"
"31 Dec 04","5.03","5.31","5.54","n/a","n/a","5.07","5.28","5.37","5.65","4.91","n/a","16.05","8.36","14.61","6.6","n/a","n/a","n/a","n/a","n/a","n/a","n/a","n/a","n/a","n/a","n/a","n/a","n/a","4.75"
"30 Nov 04","5.03","5.42","5.72","n/a","n/a","5.06","5.4","5.49","5.79","4.93","n/a","15.94","8.13","14.65","6.6","n/a","n/a","n/a","n/a","n/a","n/a","n/a","n/a","n/a","n/a","n/a","n/a","n/a","n/a"
"31 Oct 04","5.05","5.6","5.84","n/a","n/a","5.29","5.59","5.68","6.03","4.97","n/a","15.84","7.36","14.6","6.61","n/a","n/a","n/a","n/a","n/a","n/a","n/a","n/a","n/a","n/a","n/a","n/a","n/a","n/a"
"30 Sep 04","5.05","5.63","5.97","n/a","n/a","5.33","5.63","5.79","6.09","4.98","n/a","15.65","7.38","14.67","6.59","n/a","n/a","n/a","n/a","n/a","n/a","n/a","n/a","n/a","n/a","n/a","n/a","n/a","4.6538"
"31 Aug 04","4.97","5.66","5.95","n/a","n/a","5.47","5.79","5.84","6.09","4.89","n/a","15.44","7.43","14.98","6.32","n/a","n/a","n/a","n/a","n/a","n/a","n/a","n/a","n/a","n/a","n/a","n/a","n/a","n/a"
"31 Jul 04","4.88","5.69","6.01","n/a","n/a","5.53","5.88","5.88","6.09","4.76","n/a","15.44","7.42","14.97","6.32","n/a","n/a","n/a","n/a","n/a","n/a","n/a","n/a","n/a","n/a","n/a","n/a","n/a","n/a"
"30 Jun 04","4.79","5.76","6.04","n/a","n/a","5.52","5.93","5.87","6.15","4.65","n/a","15.18","7.72","15.01","6.08","n/a","n/a","n/a","n/a","n/a","n/a","n/a","n/a","n/a","n/a","n/a","n/a","n/a","4.2213"
"31 May 04","4.66","5.33","5.68","n/a","n/a","5.18","5.44","5.57","5.97","4.49","n/a","14.99","7.75","14.91","5.82","n/a","n/a","n/a","n/a","n/a","n/a","n/a","n/a","n/a","n/a","n/a","n/a","n/a","n/a"
"30 Apr 04","4.4","5.37","5.69","n/a","n/a","5.11","5.36","5.52","5.91","4.23","n/a","14.93","7.67","14.92","5.81","n/a","n/a","n/a","n/a","n/a","n/a","n/a","n/a","n/a","n/a","n/a","n/a","n/a","n/a"
"31 Mar 04","4.4","5.17","5.56","n/a","n/a","4.9","5.23","5.39","5.79","4.23","n/a","14.8","7.91","14.92","5.81","n/a","n/a","n/a","n/a","n/a","n/a","n/a","n/a","n/a","n/a","n/a","n/a","n/a","3.9063"
"29 Feb 04","4.31","5.12","5.54","n/a","n/a","4.89","5.22","5.38","5.72","4.14","n/a","14.96","8.01","14.9","5.59","n/a","n/a","n/a","n/a","n/a","n/a","n/a","n/a","n/a","n/a","n/a","n/a","n/a","n/a"
"31 Jan 04","4.08","5.19","5.59","n/a","n/a","4.95","5.38","5.43","5.71","3.97","n/a","15.13","8.06","15.45","5.59","n/a","n/a","n/a","n/a","n/a","n/a","n/a","n/a","n/a","n/a","n/a","n/a","n/a","n/a"
"31 Dec 03","4.18","5.32","5.71","n/a","n/a","5.05","5.4","5.53","5.55","3.88","n/a","15.24","8.42","15.45","5.59","n/a","n/a","n/a","n/a","n/a","n/a","n/a","n/a","n/a","n/a","n/a","n/a","n/a","3.6484"
"30 Nov 03","4.11","5.34","5.59","n/a","n/a","5.1","5.47","5.54","5.93","3.82","n/a","15.18","8.35","15.39","5.32","n/a","n/a","n/a","n/a","n/a","n/a","n/a","n/a","n/a","n/a","n/a","n/a","n/a","n/a"
"31 Oct 03","3.92","5.21","5.42","n/a","n/a","4.98","5.37","5.41","5.9","3.65","n/a","15.18","8.4","15.4","5.3","n/a","n/a","n/a","n/a","n/a","n/a","n/a","n/a","n/a","n/a","n/a","n/a","n/a","n/a"
"30 Sep 03","3.91","4.86","5.2","n/a","n/a","4.56","5.02","5.05","5.69","3.61","n/a","14.97","8.44","15.4","5.31","n/a","n/a","n/a","n/a","n/a","n/a","n/a","n/a","n/a","n/a","n/a","n/a","n/a","3.5269"
"31 Aug 03","3.78","4.63","4.97","n/a","n/a","4.32","4.73","4.81","5.49","3.55","n/a","15","8.63","15.38","5.32","n/a","n/a","n/a","n/a","n/a","n/a","n/a","n/a","n/a","n/a","n/a","n/a","n/a","n/a"
"31 Jul 03","3.92","4.08","4.66","n/a","n/a","3.87","4.28","4.48","5.11","3.61","n/a","15.19","8.73","15.42","5.5","n/a","n/a","n/a","n/a","n/a","n/a","n/a","n/a","n/a","n/a","n/a","n/a","n/a","n/a"
"30 Jun 03","4","4.04","4.53","n/a","n/a","3.85","4.2","4.36","4.94","3.75","n/a","15.15","8.82","15.48","5.5","n/a","n/a","n/a","n/a","n/a","n/a","n/a","n/a","n/a","n/a","n/a","n/a","n/a","3.75"
"31 May 03","4.11","4.18","4.81","n/a","n/a","3.91","4.38","4.64","5.29","4","n/a","15.23","8.83","15.5","5.5","n/a","n/a","n/a","n/a","n/a","n/a","n/a","n/a","n/a","n/a","n/a","n/a","n/a","n/a"
"30 Apr 03","4","4.31","4.92","n/a","n/a","4.06","4.57","4.75","5.42","3.91","n/a","15.27","8.92","15.49","5.51","n/a","n/a","n/a","n/a","n/a","n/a","n/a","n/a","n/a","n/a","n/a","n/a","n/a","n/a"
"31 Mar 03","4.15","4.2","4.88","n/a","n/a","4.06","4.59","4.76","5.22","3.92","n/a","15.13","8.83","15.48","5.49","n/a","n/a","n/a","n/a","n/a","n/a","n/a","n/a","n/a","n/a","n/a","n/a","n/a","3.8492"
"28 Feb 03","4.13","4.36","4.81","n/a","n/a","4.14","4.51","4.74","5.42","3.93","n/a","15.61","8.99","15.52","5.63","n/a","n/a","n/a","n/a","n/a","n/a","n/a","n/a","n/a","n/a","n/a","n/a","n/a","n/a"
"31 Jan 03","4.3","4.69","5.12","n/a","n/a","4.5","4.88","4.99","5.62","4.11","n/a","15.59","9.64","15.51","5.64","n/a","n/a","n/a","n/a","n/a","n/a","n/a","n/a","n/a","n/a","n/a","n/a","n/a","n/a"
"31 Dec 02","4.32","4.86","5.27","n/a","n/a","4.62","5.04","5.1","5.76","4.22","n/a","15.69","10.26","15.5","5.64","n/a","n/a","n/a","n/a","n/a","n/a","n/a","n/a","n/a","n/a","n/a","n/a","n/a","4"
"30 Nov 02","4.33","4.68","5.15","n/a","n/a","4.45","4.82","5.01","5.75","4.23","n/a","15.69","10.24","15.52","5.65","n/a","n/a","n/a","n/a","n/a","n/a","n/a","n/a","n/a","n/a","n/a","n/a","n/a","n/a"
"31 Oct 02","4.25","4.69","5.12","n/a","n/a","4.43","4.8","4.98","5.7","3.99","n/a","15.77","10.26","16.16","5.66","n/a","n/a","n/a","n/a","n/a","n/a","n/a","n/a","n/a","n/a","n/a","n/a","n/a","n/a"
"30 Sep 02","4.21","4.72","5.22","n/a","n/a","4.5","4.91","5.06","5.46","3.93","n/a","15.65","10.22","16.15","5.65","n/a","n/a","n/a","n/a","n/a","n/a","n/a","n/a","n/a","n/a","n/a","n/a","n/a","4"
"31 Aug 02","4.27","4.92","5.51","n/a","n/a","4.59","5.16","5.27","5.6","4.07","n/a","16.33","11.2","16.16","5.66","n/a","n/a","n/a","n/a","n/a","n/a","n/a","n/a","n/a","n/a","n/a","n/a","n/a","n/a"
"31 Jul 02","4.27","5.55","5.93","n/a","n/a","5.3","5.64","5.72","5.76","4.08","n/a","16.44","11.1","16.16","5.66","n/a","n/a","n/a","n/a","n/a","n/a","n/a","n/a","n/a","n/a","n/a","n/a","n/a","n/a"
"30 Jun 02","4.3","5.65","6.01","n/a","n/a","5.41","5.7","5.81","5.77","4.06","n/a","16.4","11.6","16.12","5.66","n/a","n/a","n/a","n/a","n/a","n/a","n/a","n/a","n/a","n/a","n/a","n/a","n/a","4"
"31 May 02","4.3","5.67","6.04","n/a","n/a","5.43","5.76","5.87","5.89","4.05","n/a","16.38","11.94","16.1","5.66","n/a","n/a","n/a","n/a","n/a","n/a","n/a","n/a","n/a","n/a","n/a","n/a","n/a","n/a"
"30 Apr 02","4.26","5.62","6.02","n/a","n/a","5.35","5.74","5.86","5.89","3.95","n/a","16.42","11.71","16.05","5.65","n/a","n/a","n/a","n/a","n/a","n/a","n/a","n/a","n/a","n/a","n/a","n/a","n/a","n/a"
"31 Mar 02","4.32","5.47","5.94","n/a","n/a","5.22","5.62","5.79","5.79","3.91","n/a","16.39","11.89","16","5.65","n/a","n/a","n/a","n/a","n/a","n/a","n/a","n/a","n/a","n/a","n/a","n/a","n/a","4"
"28 Feb 02","4.19","5.47","5.86","n/a","n/a","5.14","5.53","5.69","5.59","3.83","n/a","16.94","11.72","16.03","5.66","n/a","n/a","n/a","n/a","n/a","n/a","n/a","n/a","n/a","n/a","n/a","n/a","n/a","n/a"
"31 Jan 02","4.14","5.34","5.89","n/a","n/a","5.06","5.47","5.66","5.59","4.1","n/a","17.1","11.91","17.09","5.66","n/a","n/a","n/a","n/a","n/a","n/a","n/a","n/a","n/a","n/a","n/a","n/a","n/a","n/a"
"31 Dec 01","4.19","5.21","5.72","n/a","n/a","4.98","5.39","5.65","5.59","4.15","n/a","17.66","11.78","17.1","5.67","n/a","n/a","n/a","n/a","n/a","n/a","n/a","n/a","n/a","n/a","n/a","n/a","n/a","4.2305"
"30 Nov 01","4.12","5.31","5.74","n/a","n/a","4.84","5.26","5.49","5.59","4.12","n/a","17.94","12.02","17.15","6.06","n/a","n/a","n/a","n/a","n/a","n/a","n/a","n/a","n/a","n/a","n/a","n/a","n/a","n/a"
"31 Oct 01","4.58","5.53","5.92","n/a","n/a","5.06","5.46","5.61","5.59","4.55","n/a","18","11.84","17.12","6.32","n/a","n/a","n/a","n/a","n/a","n/a","n/a","n/a","n/a","n/a","n/a","n/a","n/a","n/a"
"30 Sep 01","4.87","5.59","6.05","n/a","n/a","5.39","5.68","5.77","5.89","4.62","n/a","18.01","12.23","17.15","6.54","n/a","n/a","n/a","n/a","n/a","n/a","n/a","n/a","n/a","n/a","n/a","n/a","n/a","5.0547"
"31 Aug 01","5.25","6","6.18","n/a","n/a","5.58","5.82","5.91","5.89","4.91","n/a","17.98","12.22","17.65","6.8","n/a","n/a","n/a","n/a","n/a","n/a","n/a","n/a","n/a","n/a","n/a","n/a","n/a","n/a"
"31 Jul 01","5.52","6.16","6.26","n/a","n/a","5.92","5.99","6.07","5.99","5.26","n/a","18.22","11.99","17.65","6.81","n/a","n/a","n/a","n/a","n/a","n/a","n/a","n/a","n/a","n/a","n/a","n/a","n/a","n/a"
"30 Jun 01","5.36","5.82","6.08","n/a","n/a","5.72","5.84","5.93","5.99","5.15","n/a","18.23","11.96","17.65","6.81","n/a","n/a","n/a","n/a","n/a","n/a","n/a","n/a","n/a","n/a","n/a","n/a","n/a","5.3648"
"31 May 01","5.27","5.71","5.88","n/a","n/a","5.65","5.74","5.78","5.89","5.14","n/a","18.55","11.76","17.87","7.03","n/a","n/a","n/a","n/a","n/a","n/a","n/a","n/a","n/a","n/a","n/a","n/a","n/a","n/a"
"30 Apr 01","5.48","5.76","5.92","n/a","n/a","5.63","5.77","5.76","5.89","5.39","n/a","18.61","11.68","17.9","7.3","n/a","n/a","n/a","n/a","n/a","n/a","n/a","n/a","n/a","n/a","n/a","n/a","n/a","n/a"
"31 Mar 01","5.65","5.82","6.06","n/a","n/a","5.68","5.95","5.91","5.89","5.49","n/a","18.53","11.7","17.62","7.27","n/a","n/a","n/a","n/a","n/a","n/a","n/a","n/a","n/a","n/a","n/a","n/a","n/a","5.8555"
"28 Feb 01","5.6","5.85","6.14","n/a","n/a","5.7","6.01","6","6.37","5.45","n/a","18.57","11.79","17.62","7.56","n/a","n/a","n/a","n/a","n/a","n/a","n/a","n/a","n/a","n/a","n/a","n/a","n/a","n/a"
"31 Jan 01","5.88","6","6.29","n/a","n/a","5.78","6.13","6.14","6.78","5.65","n/a","18.65","11.92","17.63","7.56","n/a","n/a","n/a","n/a","n/a","n/a","n/a","n/a","n/a","n/a","n/a","n/a","n/a","n/a"
"31 Dec 00","5.86","6.22","6.49","n/a","n/a","6.03","6.23","6.2","6.99","5.76","n/a","18.9","11.85","17.62","7.55","n/a","n/a","n/a","n/a","n/a","n/a","n/a","n/a","n/a","n/a","n/a","n/a","n/a","6"
"30 Nov 00","5.95","6.29","6.77","n/a","n/a","6.06","6.21","6.58","6.99","5.79","n/a","18.76","12","17.88","7.59","n/a","n/a","n/a","n/a","n/a","n/a","n/a","n/a","n/a","n/a","n/a","n/a","n/a","n/a"
"31 Oct 00","5.93","6.45","6.82","n/a","n/a","6.05","6.25","6.61","6.99","5.84","n/a","18.82","11.86","17.87","7.59","n/a","n/a","n/a","n/a","n/a","n/a","n/a","n/a","n/a","n/a","n/a","n/a","n/a","n/a"
"30 Sep 00","6.12","6.6","6.84","n/a","n/a","6.31","6.56","6.7","6.98","5.87","n/a","18.79","11.7","17.87","7.59","n/a","n/a","n/a","n/a","n/a","n/a","n/a","n/a","n/a","n/a","n/a","n/a","n/a","6"
"31 Aug 00","6.07","6.58","6.86","n/a","n/a","6.35","6.59","6.76","6.69","5.98","n/a","18.95","11.63","17.86","7.63","n/a","n/a","n/a","n/a","n/a","n/a","n/a","n/a","n/a","n/a","n/a","n/a","n/a","n/a"
"31 Jul 00","6","6.59","6.97","n/a","n/a","6.37","6.58","6.81","6.69","5.99","n/a","19.12","11.41","17.78","7.64","n/a","n/a","n/a","n/a","n/a","n/a","n/a","n/a","n/a","n/a","n/a","n/a","n/a","n/a"
"30 Jun 00","5.98","6.65","7","n/a","n/a","6.46","6.6","6.87","6.69","5.97","n/a","19.03","11.81","17.78","7.64","n/a","n/a","n/a","n/a","n/a","n/a","n/a","n/a","n/a","n/a","n/a","n/a","n/a","6"
"31 May 00","5.96","6.52","6.97","n/a","n/a","6.39","6.64","6.9","6.69","5.89","n/a","19.04","11.57","17.78","7.64","n/a","n/a","n/a","n/a","n/a","n/a","n/a","n/a","n/a","n/a","n/a","n/a","n/a","n/a"
"30 Apr 00","5.89","6.64","7.04","n/a","n/a","6.31","6.68","6.92","6.54","5.81","n/a","18.99","11.53","17.79","7.63","n/a","n/a","n/a","n/a","n/a","n/a","n/a","n/a","n/a","n/a","n/a","n/a","n/a","n/a"
"31 Mar 00","5.96","6.68","7.05","n/a","n/a","6.45","6.7","6.94","6.54","5.86","n/a","18.94","11.35","17.65","7.62","n/a","n/a","n/a","n/a","n/a","n/a","n/a","n/a","n/a","n/a","n/a","n/a","n/a","5.8672"
"29 Feb 00","5.69","6.97","7.25","n/a","n/a","6.79","6.8","7.11","0","5.62","n/a","18.79","11.49","17.66","7.38","n/a","n/a","n/a","n/a","n/a","n/a","n/a","n/a","n/a","n/a","n/a","n/a","n/a","n/a"
"31 Jan 00","5.53","6.9","7.17","n/a","n/a","6.78","6.78","7.09","7.29","5.35","n/a","19.11","11.63","17.66","7.13","n/a","n/a","n/a","n/a","n/a","n/a","n/a","n/a","n/a","n/a","n/a","n/a","n/a","n/a"
"31 Dec 99","5.43","6.84","7.13","n/a","n/a","6.52","6.92","6.92","7.32","5.39","n/a","19.48","11.82","17.64","7.1","n/a","n/a","n/a","n/a","n/a","n/a","n/a","n/a","n/a","n/a","n/a","n/a","n/a","5.4048"
"30 Nov 99","5.41","6.77","7.1","n/a","n/a","6.6","6.99","6.94","7.4","5.33","n/a","19.2","11.88","17.64","6.87","n/a","n/a","n/a","n/a","n/a","n/a","n/a","n/a","n/a","n/a","n/a","n/a","n/a","n/a"
"31 Oct 99","5.47","6.79","7.06","n/a","n/a","6.5","6.72","6.88","7.44","5.2","n/a","19.42","12.04","17.65","6.82","n/a","n/a","n/a","n/a","n/a","n/a","n/a","n/a","n/a","n/a","n/a","n/a","n/a","n/a"
"30 Sep 99","5.46","6.45","6.73","n/a","n/a","6.22","6.69","6.67","6.9","5.14","n/a","19.74","11.95","17.18","6.72","n/a","n/a","n/a","n/a","n/a","n/a","n/a","n/a","n/a","n/a","n/a","n/a","n/a","5.0654"
"31 Aug 99","5.42","6.36","6.68","n/a","n/a","6.19","6.22","6.64","6.83","5.33","n/a","19.69","12.41","17.16","6.72","n/a","n/a","n/a","n/a","n/a","n/a","n/a","n/a","n/a","n/a","n/a","n/a","n/a","n/a"
"31 Jul 99","5.59","6.17","6.39","n/a","n/a","6","6.05","6.3","6.71","5.45","n/a","19.86","12.7","17.25","6.72","n/a","n/a","n/a","n/a","n/a","n/a","n/a","n/a","n/a","n/a","n/a","n/a","n/a","n/a"
"30 Jun 99","5.5","6","6.32","n/a","n/a","5.89","5.76","6.29","6.07","5.43","n/a","19.95","12.92","17.19","6.73","n/a","n/a","n/a","n/a","n/a","n/a","n/a","n/a","n/a","n/a","n/a","n/a","n/a","5.2008"
"31 May 99","5.53","5.96","6.04","n/a","n/a","5.72","5.67","5.97","6.02","5.52","n/a","20.01","12.93","17.19","6.75","n/a","n/a","n/a","n/a","n/a","n/a","n/a","n/a","n/a","n/a","n/a","n/a","n/a","n/a"
"30 Apr 99","5.63","5.89","6","n/a","n/a","5.71","5.7","5.89","5.98","5.59","n/a","20.83","13","17.2","6.83","n/a","n/a","n/a","n/a","n/a","n/a","n/a","n/a","n/a","n/a","n/a","n/a","n/a","n/a"
"31 Mar 99","5.71","5.95","6.07","n/a","n/a","5.64","5.67","5.8","5.97","5.71","n/a","20.69","13.29","17.2","6.85","n/a","n/a","n/a","n/a","n/a","n/a","n/a","n/a","n/a","n/a","n/a","n/a","n/a","5.6944"
"28 Feb 99","6.3","5.88","5.85","n/a","n/a","5.78","5.82","5.7","6","6.17","n/a","20.89","13.37","17.22","7.35","n/a","n/a","n/a","n/a","n/a","n/a","n/a","n/a","n/a","n/a","n/a","n/a","n/a","n/a"
"31 Jan 99","6.56","5.97","6.06","n/a","n/a","5.9","6.41","5.9","6.23","6.41","n/a","21.41","13.07","17.23","7.6","n/a","n/a","n/a","n/a","n/a","n/a","n/a","n/a","n/a","n/a","n/a","n/a","n/a","n/a"
"31 Dec 98","7.06","6.54","6.54","n/a","n/a","6.42","6.45","6.36","6.53","7.06","n/a","22.19","13.17","17.24","8","n/a","n/a","n/a","n/a","n/a","n/a","n/a","n/a","n/a","n/a","n/a","n/a","n/a","6.8555"
"30 Nov 98","7.56","6.82","6.7","n/a","n/a","6.66","6.58","6.51","6.77","7.56","n/a","22.27","13.45","17.25","8.58","n/a","n/a","n/a","n/a","n/a","n/a","n/a","n/a","n/a","n/a","n/a","n/a","n/a","n/a"
"31 Oct 98","7.8","7.01","6.81","n/a","n/a","6.91","6.81","6.66","6.86","7.66","n/a","22.21","13.48","17.25","8.85","n/a","n/a","n/a","n/a","n/a","n/a","n/a","n/a","n/a","n/a","n/a","n/a","n/a","n/a"
"30 Sep 98","7.79","7.49","7.04","n/a","n/a","7.27","7.22","6.93","7.06","7.65","n/a","22.29","13.44","17.22","8.87","n/a","n/a","n/a","n/a","n/a","n/a","n/a","n/a","n/a","n/a","n/a","n/a","n/a","7.5"
"31 Aug 98","7.75","7.55","7.16","n/a","n/a","7.33","7.3","7.04","7.08","7.65","n/a","22.27","13.4","17.26","8.83","n/a","n/a","n/a","n/a","n/a","n/a","n/a","n/a","n/a","n/a","n/a","n/a","n/a","n/a"
"31 Jul 98","7.5","7.35","7.06","n/a","n/a","7.08","7.18","6.94","7","7.5","n/a","22.26","13.58","17.26","8.8","n/a","n/a","n/a","n/a","n/a","n/a","n/a","n/a","n/a","n/a","n/a","n/a","n/a","n/a"
"30 Jun 98","7.5","7.24","6.83","n/a","n/a","6.94","6.91","6.75","6.96","7.25","n/a","22.15","13.77","17.26","8.59","n/a","n/a","n/a","n/a","n/a","n/a","n/a","n/a","n/a","n/a","n/a","n/a","n/a","7.3279"
"31 May 98","7.5","7.35","6.96","n/a","n/a","7.12","7.03","6.83","7.02","7.25","n/a","22.38","13.8","17.2","8.59","n/a","n/a","n/a","n/a","n/a","n/a","n/a","n/a","n/a","n/a","n/a","n/a","n/a","n/a"
"30 Apr 98","7.5","7.28","7.01","n/a","n/a","7.14","7.19","6.82","7.25","7.25","n/a","22.41","13.73","17.3","8.59","n/a","n/a","n/a","n/a","n/a","n/a","n/a","n/a","n/a","n/a","n/a","n/a","n/a","n/a"
"31 Mar 98","0","7.26","7.22","n/a","n/a","7.02","7.17","7.06","7.38","0","n/a","22.38","13.77","17.29","8.59","n/a","n/a","n/a","n/a","n/a","n/a","n/a","n/a","n/a","n/a","n/a","n/a","n/a","7.25"
"28 Feb 98","0","7.32","7.3","n/a","n/a","7.08","7.29","7.15","7.61","0","n/a","22.38","13.91","17.32","8.59","n/a","n/a","n/a","n/a","n/a","n/a","n/a","n/a","n/a","n/a","n/a","n/a","n/a","n/a"
"31 Jan 98","0","7.33","7.54","n/a","n/a","7.13","7.38","7.31","7.74","0","n/a","22.49","14.21","17.31","8.56","n/a","n/a","n/a","n/a","n/a","n/a","n/a","n/a","n/a","n/a","n/a","n/a","n/a","n/a"
"31 Dec 97","0","7.33","7.56","n/a","n/a","7.13","7.39","7.4","7.71","0","n/a","22.77","13.86","17.31","8.5","n/a","n/a","n/a","n/a","n/a","n/a","n/a","n/a","n/a","n/a","n/a","n/a","n/a","7.1484"
"30 Nov 97","0","7.06","7.46","n/a","n/a","7.04","7.36","7.33","7.72","0","n/a","22.61","14.01","17.34","8.37","n/a","n/a","n/a","n/a","n/a","n/a","n/a","n/a","n/a","n/a","n/a","n/a","n/a","n/a"
"31 Oct 97","0","7.1","7.74","n/a","n/a","7.07","7.5","7.49","8.03","0","n/a","22.57","14.06","17.27","8.36","n/a","n/a","n/a","n/a","n/a","n/a","n/a","n/a","n/a","n/a","n/a","n/a","n/a","n/a"
"30 Sep 97","0","7.09","7.91","n/a","n/a","7.06","7.63","7.67","8.14","0","n/a","22.44","13.79","17.3","8.33","n/a","n/a","n/a","n/a","n/a","n/a","n/a","n/a","n/a","n/a","n/a","n/a","n/a","6.8692"
"31 Aug 97","0","7.19","7.95","n/a","n/a","7.17","7.7","7.9","8.37","0","n/a","22.48","13.79","17.18","8.15","n/a","n/a","n/a","n/a","n/a","n/a","n/a","n/a","n/a","n/a","n/a","n/a","n/a","n/a"
"31 Jul 97","0","7.23","7.97","n/a","n/a","7.2","7.7","7.91","8.39","0","n/a","22.26","13.53","17.18","7.86","n/a","n/a","n/a","n/a","n/a","n/a","n/a","n/a","n/a","n/a","n/a","n/a","n/a","n/a"
"30 Jun 97","0","7.19","8.07","n/a","n/a","7.14","7.61","7.91","8.69","0","n/a","21.96","13.53","17.13","7.64","n/a","n/a","n/a","n/a","n/a","n/a","n/a","n/a","n/a","n/a","n/a","n/a","n/a","6.1984"
"31 May 97","0","7.2","8.08","n/a","n/a","7.15","7.59","8.02","8.69","0","n/a","21.99","13.44","17.18","7.27","n/a","n/a","n/a","n/a","n/a","n/a","n/a","n/a","n/a","n/a","n/a","n/a","n/a","n/a"
"30 Apr 97","0","7.3","8.07","n/a","n/a","7.24","7.61","7.93","8.71","0","n/a","22.08","13.5","17.26","7.22","n/a","n/a","n/a","n/a","n/a","n/a","n/a","n/a","n/a","n/a","n/a","n/a","n/a","n/a"
"31 Mar 97","0","7.18","8.1","n/a","n/a","7.11","7.44","7.98","8.7","0","n/a","22.06","13.95","17.63","7.21","n/a","n/a","n/a","n/a","n/a","n/a","n/a","n/a","n/a","n/a","n/a","n/a","n/a","5.9375"
"28 Feb 97","0","7.41","8.43","n/a","n/a","7.35","7.95","8.22","8.76","0","n/a","22.08","13.94","17.96","7.22","n/a","n/a","n/a","n/a","n/a","n/a","n/a","n/a","n/a","n/a","n/a","n/a","n/a","n/a"
"31 Jan 97","0","7.35","8.34","n/a","n/a","7.29","7.79","8.31","8.74","0","n/a","22.14","13.79","17.94","7.18","n/a","n/a","n/a","n/a","n/a","n/a","n/a","n/a","n/a","n/a","n/a","n/a","n/a","n/a"
"31 Dec 96","n/a","7.27","8.29","n/a","n/a","7.24","7.67","8.27","8.75","n/a","n/a","22.41","14.1","17.93","7.01","n/a","n/a","n/a","n/a","n/a","n/a","n/a","n/a","n/a","n/a","n/a","n/a","n/a","5.8555"
"30 Nov 96","n/a","6.94","8.02","n/a","n/a","6.94","7.24","8.02","8.81","n/a","n/a","22.32","14.15","17.98","6.92","n/a","n/a","n/a","n/a","n/a","n/a","n/a","n/a","n/a","n/a","n/a","n/a","n/a","n/a"
"31 Oct 96","n/a","6.96","8.17","n/a","n/a","6.96","7.45","8.17","8.77","n/a","n/a","22.16","14.13","18.11","6.92","n/a","n/a","n/a","n/a","n/a","n/a","n/a","n/a","n/a","n/a","n/a","n/a","n/a","n/a"
"30 Sep 96","n/a","7.06","8.16","n/a","n/a","7.06","7.5","8.16","8.84","n/a","n/a","22.08","14.04","18.09","6.93","n/a","n/a","n/a","n/a","n/a","n/a","n/a","n/a","n/a","n/a","n/a","n/a","n/a","5.6875"
"31 Aug 96","n/a","7.09","8.28","n/a","n/a","7.09","7.78","8.28","8.85","n/a","n/a","22.03","14.45","18.1","6.99","n/a","n/a","n/a","n/a","n/a","n/a","n/a","n/a","n/a","n/a","n/a","n/a","n/a","n/a"
"31 Jul 96","n/a","7.12","8.25","n/a","n/a","7.12","7.77","8.25","8.81","n/a","n/a","22.34","13.87","17.65","7.15","n/a","n/a","n/a","n/a","n/a","n/a","n/a","n/a","n/a","n/a","n/a","n/a","n/a","n/a"
"30 Jun 96","n/a","7.06","8.16","n/a","n/a","7.06","7.79","8.13","8.76","n/a","n/a","22.36","13.88","17.69","7.15","n/a","n/a","n/a","n/a","n/a","n/a","n/a","n/a","n/a","n/a","n/a","n/a","n/a","5.8678"
"31 May 96","n/a","7.01","8.2","n/a","n/a","7.01","7.78","8.18","8.83","n/a","n/a","22.38","14.04","17.72","7.17","n/a","n/a","n/a","n/a","n/a","n/a","n/a","n/a","n/a","n/a","n/a","n/a","n/a","n/a"
"30 Apr 96","n/a","6.62","7.94","n/a","n/a","6.62","7.29","7.82","8.7","n/a","n/a","22.53","13.91","17.79","7.3","n/a","n/a","n/a","n/a","n/a","n/a","n/a","n/a","n/a","n/a","n/a","n/a","n/a","n/a"
"31 Mar 96","n/a","6.49","7.82","n/a","n/a","6.49","7.14","7.7","8.6","n/a","n/a","22.58","16.02","17.8","7.46","n/a","n/a","n/a","n/a","n/a","n/a","n/a","n/a","n/a","n/a","n/a","n/a","n/a","6.125"
"29 Feb 96","n/a","6.65","7.77","n/a","n/a","6.65","6.99","7.66","8.57","n/a","n/a","22.55","15.91","17.86","7.5","n/a","n/a","n/a","n/a","n/a","n/a","n/a","n/a","n/a","n/a","n/a","n/a","n/a","n/a"
"31 Jan 96","n/a","6.7","7.93","n/a","n/a","6.7","7.08","7.87","8.67","n/a","n/a","22.61","16.14","17.85","7.72","n/a","n/a","n/a","n/a","n/a","n/a","n/a","n/a","n/a","n/a","n/a","n/a","n/a","n/a"
"31 Dec 95","n/a","7.99","8.19","n/a","n/a","7.99","7.75","8.13","9.04","n/a","n/a","23.01","17.12","17.96","7.95","n/a","n/a","n/a","n/a","n/a","n/a","n/a","n/a","n/a","n/a","n/a","n/a","n/a","6.5813"
"30 Nov 95","n/a","n/a","8.2","n/a","n/a","7.99","7.76","8.14","9.06","n/a","n/a","22.85","17.26","17.99","7.96","n/a","n/a","n/a","n/a","n/a","n/a","n/a","n/a","n/a","n/a","n/a","n/a","n/a","n/a"
"31 Oct 95","n/a","n/a","8.26","n/a","n/a","7.99","7.85","8.19","9.17","n/a","n/a","22.84","17.18","18.02","8","n/a","n/a","n/a","n/a","n/a","n/a","n/a","n/a","n/a","n/a","n/a","n/a","n/a","n/a"
"30 Sep 95","n/a","n/a","8.69","n/a","n/a","7.99","7.85","8.57","9.13","n/a","n/a","22.77","17.12","18.09","8.36","n/a","n/a","n/a","n/a","n/a","n/a","n/a","n/a","n/a","n/a","n/a","n/a","n/a","6.625"
"31 Aug 95","n/a","n/a","8.92","n/a","n/a","7.99","7.98","8.85","9.19","n/a","n/a","22.64","16.81","18.07","8.36","n/a","n/a","n/a","n/a","n/a","n/a","n/a","n/a","n/a","n/a","n/a","n/a","n/a","n/a"
"31 Jul 95","n/a","n/a","8.94","n/a","n/a","7.89","7.97","8.93","9.13","n/a","n/a","22.81","16.66","18.1","8.36","n/a","n/a","n/a","n/a","n/a","n/a","n/a","n/a","n/a","n/a","n/a","n/a","n/a","n/a"
"30 Jun 95","n/a","n/a","9.01","n/a","n/a","7.94","8.01","9.01","9.46","n/a","n/a","22.78","17.28","18.12","8.35","n/a","n/a","n/a","n/a","n/a","n/a","n/a","n/a","n/a","n/a","n/a","n/a","n/a","6.625"
"31 May 95","n/a","n/a","9.53","n/a","n/a","8.22","8.18","9.4","9.94","n/a","n/a","22.78","17.04","18.13","8.36","n/a","n/a","n/a","n/a","n/a","n/a","n/a","n/a","n/a","n/a","n/a","n/a","n/a","n/a"
"30 Apr 95","n/a","n/a","9.52","n/a","n/a","8.29","8.54","9.4","9.94","n/a","n/a","22.85","17.6","18.16","8.36","n/a","n/a","n/a","n/a","n/a","n/a","n/a","n/a","n/a","n/a","n/a","n/a","n/a","n/a"
"31 Mar 95","n/a","n/a","9.36","n/a","n/a","8.08","8.64","9.33","9.94","n/a","n/a","22.39","17.68","18.15","8.36","n/a","n/a","n/a","n/a","n/a","n/a","n/a","n/a","n/a","n/a","n/a","n/a","n/a","6.4531"
"28 Feb 95","n/a","n/a","9.41","n/a","n/a","8.38","8.96","9.38","9.96","n/a","n/a","22","17.6","18.5","8.33","n/a","n/a","n/a","n/a","n/a","n/a","n/a","n/a","n/a","n/a","n/a","n/a","n/a","n/a"
"31 Jan 95","n/a","n/a","9.48","n/a","n/a","8.13","8.84","9.44","9.93","n/a","n/a","22.2","17.55","18.52","8.21","n/a","n/a","n/a","n/a","n/a","n/a","n/a","n/a","n/a","n/a","n/a","n/a","n/a","n/a"
"31 Dec 94","n/a","n/a","n/a","n/a","n/a","n/a","n/a","n/a","n/a","n/a","n/a","n/a","n/a","n/a","n/a","n/a","n/a","n/a","n/a","n/a","n/a","n/a","n/a","n/a","n/a","n/a","n/a","n/a","5.752"
"30 Sep 94","n/a","n/a","n/a","n/a","n/a","n/a","n/a","n/a","n/a","n/a","n/a","n/a","n/a","n/a","n/a","n/a","n/a","n/a","n/a","n/a","n/a","n/a","n/a","n/a","n/a","n/a","n/a","n/a","5.2404"
"30 Jun 94","n/a","n/a","n/a","n/a","n/a","n/a","n/a","n/a","n/a","n/a","n/a","n/a","n/a","n/a","n/a","n/a","n/a","n/a","n/a","n/a","n/a","n/a","n/a","n/a","n/a","n/a","n/a","n/a","5.125"
"31 Mar 94","n/a","n/a","n/a","n/a","n/a","n/a","n/a","n/a","n/a","n/a","n/a","n/a","n/a","n/a","n/a","n/a","n/a","n/a","n/a","n/a","n/a","n/a","n/a","n/a","n/a","n/a","n/a","n/a","5.2242"
"31 Dec 93","n/a","n/a","n/a","n/a","n/a","n/a","n/a","n/a","n/a","n/a","n/a","n/a","n/a","n/a","n/a","n/a","n/a","n/a","n/a","n/a","n/a","n/a","n/a","n/a","n/a","n/a","n/a","n/a","5.6641"
"30 Sep 93","n/a","n/a","n/a","n/a","n/a","n/a","n/a","n/a","n/a","n/a","n/a","n/a","n/a","n/a","n/a","n/a","n/a","n/a","n/a","n/a","n/a","n/a","n/a","n/a","n/a","n/a","n/a","n/a","5.875"
"30 Jun 93","n/a","n/a","n/a","n/a","n/a","n/a","n/a","n/a","n/a","n/a","n/a","n/a","n/a","n/a","n/a","n/a","n/a","n/a","n/a","n/a","n/a","n/a","n/a","n/a","n/a","n/a","n/a","n/a","5.875"
"31 Mar 93","n/a","n/a","n/a","n/a","n/a","n/a","n/a","n/a","n/a","n/a","n/a","n/a","n/a","n/a","n/a","n/a","n/a","n/a","n/a","n/a","n/a","n/a","n/a","n/a","n/a","n/a","n/a","n/a","6.129"
"31 Dec 92","n/a","n/a","n/a","n/a","n/a","n/a","n/a","n/a","n/a","n/a","n/a","n/a","n/a","n/a","n/a","n/a","n/a","n/a","n/a","n/a","n/a","n/a","n/a","n/a","n/a","n/a","n/a","n/a","7.5313"
"30 Sep 92","n/a","n/a","n/a","n/a","n/a","n/a","n/a","n/a","n/a","n/a","n/a","n/a","n/a","n/a","n/a","n/a","n/a","n/a","n/a","n/a","n/a","n/a","n/a","n/a","n/a","n/a","n/a","n/a","9.7673"
"30 Jun 92","n/a","n/a","n/a","n/a","n/a","n/a","n/a","n/a","n/a","n/a","n/a","n/a","n/a","n/a","n/a","n/a","n/a","n/a","n/a","n/a","n/a","n/a","n/a","n/a","n/a","n/a","n/a","n/a","10.0471"
"31 Mar 92","n/a","n/a","n/a","n/a","n/a","n/a","n/a","n/a","n/a","n/a","n/a","n/a","n/a","n/a","n/a","n/a","n/a","n/a","n/a","n/a","n/a","n/a","n/a","n/a","n/a","n/a","n/a","n/a","10.375"
"31 Dec 91","n/a","n/a","n/a","n/a","n/a","n/a","n/a","n/a","n/a","n/a","n/a","n/a","n/a","n/a","n/a","n/a","n/a","n/a","n/a","n/a","n/a","n/a","n/a","n/a","n/a","n/a","n/a","n/a","10.375"
"30 Sep 91","n/a","n/a","n/a","n/a","n/a","n/a","n/a","n/a","n/a","n/a","n/a","n/a","n/a","n/a","n/a","n/a","n/a","n/a","n/a","n/a","n/a","n/a","n/a","n/a","n/a","n/a","n/a","n/a","10.7981"
"30 Jun 91","n/a","n/a","n/a","n/a","n/a","n/a","n/a","n/a","n/a","n/a","n/a","n/a","n/a","n/a","n/a","n/a","n/a","n/a","n/a","n/a","n/a","n/a","n/a","n/a","n/a","n/a","n/a","n/a","11.7379"
"31 Mar 91","n/a","n/a","n/a","n/a","n/a","n/a","n/a","n/a","n/a","n/a","n/a","n/a","n/a","n/a","n/a","n/a","n/a","n/a","n/a","n/a","n/a","n/a","n/a","n/a","n/a","n/a","n/a","n/a","13.3992"
"31 Dec 90","n/a","n/a","n/a","n/a","n/a","n/a","n/a","n/a","n/a","n/a","n/a","n/a","n/a","n/a","n/a","n/a","n/a","n/a","n/a","n/a","n/a","n/a","n/a","n/a","n/a","n/a","n/a","n/a","13.9531"
"30 Sep 90","n/a","n/a","n/a","n/a","n/a","n/a","n/a","n/a","n/a","n/a","n/a","n/a","n/a","n/a","n/a","n/a","n/a","n/a","n/a","n/a","n/a","n/a","n/a","n/a","n/a","n/a","n/a","n/a","14.875"
"30 Jun 90","n/a","n/a","n/a","n/a","n/a","n/a","n/a","n/a","n/a","n/a","n/a","n/a","n/a","n/a","n/a","n/a","n/a","n/a","n/a","n/a","n/a","n/a","n/a","n/a","n/a","n/a","n/a","n/a","14.875"
"31 Mar 90","n/a","n/a","n/a","n/a","n/a","n/a","n/a","n/a","n/a","n/a","n/a","n/a","n/a","n/a","n/a","n/a","n/a","n/a","n/a","n/a","n/a","n/a","n/a","n/a","n/a","n/a","n/a","n/a","14.875"
"31 Dec 89","n/a","n/a","n/a","n/a","n/a","n/a","n/a","n/a","n/a","n/a","n/a","n/a","n/a","n/a","n/a","n/a","n/a","n/a","n/a","n/a","n/a","n/a","n/a","n/a","n/a","n/a","n/a","n/a","14.8036"
"30 Sep 89","n/a","n/a","n/a","n/a","n/a","n/a","n/a","n/a","n/a","n/a","n/a","n/a","n/a","n/a","n/a","n/a","n/a","n/a","n/a","n/a","n/a","n/a","n/a","n/a","n/a","n/a","n/a","n/a","13.7607"
"30 Jun 89","n/a","n/a","n/a","n/a","n/a","n/a","n/a","n/a","n/a","n/a","n/a","n/a","n/a","n/a","n/a","n/a","n/a","n/a","n/a","n/a","n/a","n/a","n/a","n/a","n/a","n/a","n/a","n/a","13.2361"
"31 Mar 89","n/a","n/a","n/a","n/a","n/a","n/a","n/a","n/a","n/a","n/a","n/a","n/a","n/a","n/a","n/a","n/a","n/a","n/a","n/a","n/a","n/a","n/a","n/a","n/a","n/a","n/a","n/a","n/a","12.875"
"31 Dec 88","n/a","n/a","n/a","n/a","n/a","n/a","n/a","n/a","n/a","n/a","n/a","n/a","n/a","n/a","n/a","n/a","n/a","n/a","n/a","n/a","n/a","n/a","n/a","n/a","n/a","n/a","n/a","n/a","12.256"
"30 Sep 88","n/a","n/a","n/a","n/a","n/a","n/a","n/a","n/a","n/a","n/a","n/a","n/a","n/a","n/a","n/a","n/a","n/a","n/a","n/a","n/a","n/a","n/a","n/a","n/a","n/a","n/a","n/a","n/a","10.9058"
"30 Jun 88","n/a","n/a","n/a","n/a","n/a","n/a","n/a","n/a","n/a","n/a","n/a","n/a","n/a","n/a","n/a","n/a","n/a","n/a","n/a","n/a","n/a","n/a","n/a","n/a","n/a","n/a","n/a","n/a","7.9652"
"31 Mar 88","n/a","n/a","n/a","n/a","n/a","n/a","n/a","n/a","n/a","n/a","n/a","n/a","n/a","n/a","n/a","n/a","n/a","n/a","n/a","n/a","n/a","n/a","n/a","n/a","n/a","n/a","n/a","n/a","8.6328"
"31 Dec 87","n/a","n/a","n/a","n/a","n/a","n/a","n/a","n/a","n/a","n/a","n/a","n/a","n/a","n/a","n/a","n/a","n/a","n/a","n/a","n/a","n/a","n/a","n/a","n/a","n/a","n/a","n/a","n/a","9.0391"
"30 Sep 87","n/a","n/a","n/a","n/a","n/a","n/a","n/a","n/a","n/a","n/a","n/a","n/a","n/a","n/a","n/a","n/a","n/a","n/a","n/a","n/a","n/a","n/a","n/a","n/a","n/a","n/a","n/a","n/a","9.475"
"30 Jun 87","n/a","n/a","n/a","n/a","n/a","n/a","n/a","n/a","n/a","n/a","n/a","n/a","n/a","n/a","n/a","n/a","n/a","n/a","n/a","n/a","n/a","n/a","n/a","n/a","n/a","n/a","n/a","n/a","9.2111"
"31 Mar 87","n/a","n/a","n/a","n/a","n/a","n/a","n/a","n/a","n/a","n/a","n/a","n/a","n/a","n/a","n/a","n/a","n/a","n/a","n/a","n/a","n/a","n/a","n/a","n/a","n/a","n/a","n/a","n/a","10.6607"
"31 Dec 86","n/a","n/a","n/a","n/a","n/a","n/a","n/a","n/a","n/a","n/a","n/a","n/a","n/a","n/a","n/a","n/a","n/a","n/a","n/a","n/a","n/a","n/a","n/a","n/a","n/a","n/a","n/a","n/a","10.7188"
"30 Sep 86","n/a","n/a","n/a","n/a","n/a","n/a","n/a","n/a","n/a","n/a","n/a","n/a","n/a","n/a","n/a","n/a","n/a","n/a","n/a","n/a","n/a","n/a","n/a","n/a","n/a","n/a","n/a","n/a","9.875"
"30 Jun 86","n/a","n/a","n/a","n/a","n/a","n/a","n/a","n/a","n/a","n/a","n/a","n/a","n/a","n/a","n/a","n/a","n/a","n/a","n/a","n/a","n/a","n/a","n/a","n/a","n/a","n/a","n/a","n/a","10.3353"
"31 Mar 86","n/a","n/a","n/a","n/a","n/a","n/a","n/a","n/a","n/a","n/a","n/a","n/a","n/a","n/a","n/a","n/a","n/a","n/a","n/a","n/a","n/a","n/a","n/a","n/a","n/a","n/a","n/a","n/a","12.1127"
"31 Dec 85","n/a","n/a","n/a","n/a","n/a","n/a","n/a","n/a","n/a","n/a","n/a","n/a","n/a","n/a","n/a","n/a","n/a","n/a","n/a","n/a","n/a","n/a","n/a","n/a","n/a","n/a","n/a","n/a","11.375"
"30 Sep 85","n/a","n/a","n/a","n/a","n/a","n/a","n/a","n/a","n/a","n/a","n/a","n/a","n/a","n/a","n/a","n/a","n/a","n/a","n/a","n/a","n/a","n/a","n/a","n/a","n/a","n/a","n/a","n/a","11.5827"
"30 Jun 85","n/a","n/a","n/a","n/a","n/a","n/a","n/a","n/a","n/a","n/a","n/a","n/a","n/a","n/a","n/a","n/a","n/a","n/a","n/a","n/a","n/a","n/a","n/a","n/a","n/a","n/a","n/a","n/a","12.4734"
"31 Mar 85","n/a","n/a","n/a","n/a","n/a","n/a","n/a","n/a","n/a","n/a","n/a","n/a","n/a","n/a","n/a","n/a","n/a","n/a","n/a","n/a","n/a","n/a","n/a","n/a","n/a","n/a","n/a","n/a","12.9226"
"31 Dec 84","n/a","n/a","n/a","n/a","n/a","n/a","n/a","n/a","n/a","n/a","n/a","n/a","n/a","n/a","n/a","n/a","n/a","n/a","n/a","n/a","n/a","n/a","n/a","n/a","n/a","n/a","n/a","n/a","9.9844"
"30 Sep 84","n/a","n/a","n/a","n/a","n/a","n/a","n/a","n/a","n/a","n/a","n/a","n/a","n/a","n/a","n/a","n/a","n/a","n/a","n/a","n/a","n/a","n/a","n/a","n/a","n/a","n/a","n/a","n/a","10.9023"
"30 Jun 84","n/a","n/a","n/a","n/a","n/a","n/a","n/a","n/a","n/a","n/a","n/a","n/a","n/a","n/a","n/a","n/a","n/a","n/a","n/a","n/a","n/a","n/a","n/a","n/a","n/a","n/a","n/a","n/a","8.8545"
"31 Mar 84","n/a","n/a","n/a","n/a","n/a","n/a","n/a","n/a","n/a","n/a","n/a","n/a","n/a","n/a","n/a","n/a","n/a","n/a","n/a","n/a","n/a","n/a","n/a","n/a","n/a","n/a","n/a","n/a","8.9414"
"31 Dec 83","n/a","n/a","n/a","n/a","n/a","n/a","n/a","n/a","n/a","n/a","n/a","n/a","n/a","n/a","n/a","n/a","n/a","n/a","n/a","n/a","n/a","n/a","n/a","n/a","n/a","n/a","n/a","n/a","9.0625"
"30 Sep 83","n/a","n/a","n/a","n/a","n/a","n/a","n/a","n/a","n/a","n/a","n/a","n/a","n/a","n/a","n/a","n/a","n/a","n/a","n/a","n/a","n/a","n/a","n/a","n/a","n/a","n/a","n/a","n/a","9.5606"
"30 Jun 83","n/a","n/a","n/a","n/a","n/a","n/a","n/a","n/a","n/a","n/a","n/a","n/a","n/a","n/a","n/a","n/a","n/a","n/a","n/a","n/a","n/a","n/a","n/a","n/a","n/a","n/a","n/a","n/a","10.0051"
"31 Mar 83","n/a","n/a","n/a","n/a","n/a","n/a","n/a","n/a","n/a","n/a","n/a","n/a","n/a","n/a","n/a","n/a","n/a","n/a","n/a","n/a","n/a","n/a","n/a","n/a","n/a","n/a","n/a","n/a","10.8145"
"31 Dec 82","n/a","n/a","n/a","n/a","n/a","n/a","n/a","n/a","n/a","n/a","n/a","n/a","n/a","n/a","n/a","n/a","n/a","n/a","n/a","n/a","n/a","n/a","n/a","n/a","n/a","n/a","n/a","n/a","9.6758"
"30 Sep 82","n/a","n/a","n/a","n/a","n/a","n/a","n/a","n/a","n/a","n/a","n/a","n/a","n/a","n/a","n/a","n/a","n/a","n/a","n/a","n/a","n/a","n/a","n/a","n/a","n/a","n/a","n/a","n/a","11.3538"
"30 Jun 82","n/a","n/a","n/a","n/a","n/a","n/a","n/a","n/a","n/a","n/a","n/a","n/a","n/a","n/a","n/a","n/a","n/a","n/a","n/a","n/a","n/a","n/a","n/a","n/a","n/a","n/a","n/a","n/a","13.002"
"31 Mar 82","n/a","n/a","n/a","n/a","n/a","n/a","n/a","n/a","n/a","n/a","n/a","n/a","n/a","n/a","n/a","n/a","n/a","n/a","n/a","n/a","n/a","n/a","n/a","n/a","n/a","n/a","n/a","n/a","13.7758"
"31 Dec 81","n/a","n/a","n/a","n/a","n/a","n/a","n/a","n/a","n/a","n/a","n/a","n/a","n/a","n/a","n/a","n/a","n/a","n/a","n/a","n/a","n/a","n/a","n/a","n/a","n/a","n/a","n/a","n/a","14.6113"
"30 Sep 81","n/a","n/a","n/a","n/a","n/a","n/a","n/a","n/a","n/a","n/a","n/a","n/a","n/a","n/a","n/a","n/a","n/a","n/a","n/a","n/a","n/a","n/a","n/a","n/a","n/a","n/a","n/a","n/a","12.5254"
"30 Jun 81","n/a","n/a","n/a","n/a","n/a","n/a","n/a","n/a","n/a","n/a","n/a","n/a","n/a","n/a","n/a","n/a","n/a","n/a","n/a","n/a","n/a","n/a","n/a","n/a","n/a","n/a","n/a","n/a","12"
"31 Mar 81","n/a","n/a","n/a","n/a","n/a","n/a","n/a","n/a","n/a","n/a","n/a","n/a","n/a","n/a","n/a","n/a","n/a","n/a","n/a","n/a","n/a","n/a","n/a","n/a","n/a","n/a","n/a","n/a","13.5238"
"31 Dec 80","n/a","n/a","n/a","n/a","n/a","n/a","n/a","n/a","n/a","n/a","n/a","n/a","n/a","n/a","n/a","n/a","n/a","n/a","n/a","n/a","n/a","n/a","n/a","n/a","n/a","n/a","n/a","n/a","15.2188"
"30 Sep 80","n/a","n/a","n/a","n/a","n/a","n/a","n/a","n/a","n/a","n/a","n/a","n/a","n/a","n/a","n/a","n/a","n/a","n/a","n/a","n/a","n/a","n/a","n/a","n/a","n/a","n/a","n/a","n/a","16.0308"
"30 Jun 80","n/a","n/a","n/a","n/a","n/a","n/a","n/a","n/a","n/a","n/a","n/a","n/a","n/a","n/a","n/a","n/a","n/a","n/a","n/a","n/a","n/a","n/a","n/a","n/a","n/a","n/a","n/a","n/a","17"
"31 Mar 80","n/a","n/a","n/a","n/a","n/a","n/a","n/a","n/a","n/a","n/a","n/a","n/a","n/a","n/a","n/a","n/a","n/a","n/a","n/a","n/a","n/a","n/a","n/a","n/a","n/a","n/a","n/a","n/a","17"
"31 Dec 79","n/a","n/a","n/a","n/a","n/a","n/a","n/a","n/a","n/a","n/a","n/a","n/a","n/a","n/a","n/a","n/a","n/a","n/a","n/a","n/a","n/a","n/a","n/a","n/a","n/a","n/a","n/a","n/a","15.4531"
"30 Sep 79","n/a","n/a","n/a","n/a","n/a","n/a","n/a","n/a","n/a","n/a","n/a","n/a","n/a","n/a","n/a","n/a","n/a","n/a","n/a","n/a","n/a","n/a","n/a","n/a","n/a","n/a","n/a","n/a","14"
"30 Jun 79","n/a","n/a","n/a","n/a","n/a","n/a","n/a","n/a","n/a","n/a","n/a","n/a","n/a","n/a","n/a","n/a","n/a","n/a","n/a","n/a","n/a","n/a","n/a","n/a","n/a","n/a","n/a","n/a","12.4754"
"31 Mar 79","n/a","n/a","n/a","n/a","n/a","n/a","n/a","n/a","n/a","n/a","n/a","n/a","n/a","n/a","n/a","n/a","n/a","n/a","n/a","n/a","n/a","n/a","n/a","n/a","n/a","n/a","n/a","n/a","13.0234"
"31 Dec 78","n/a","n/a","n/a","n/a","n/a","n/a","n/a","n/a","n/a","n/a","n/a","n/a","n/a","n/a","n/a","n/a","n/a","n/a","n/a","n/a","n/a","n/a","n/a","n/a","n/a","n/a","n/a","n/a","11.3889"
"30 Sep 78","n/a","n/a","n/a","n/a","n/a","n/a","n/a","n/a","n/a","n/a","n/a","n/a","n/a","n/a","n/a","n/a","n/a","n/a","n/a","n/a","n/a","n/a","n/a","n/a","n/a","n/a","n/a","n/a","10"
"30 Jun 78","n/a","n/a","n/a","n/a","n/a","n/a","n/a","n/a","n/a","n/a","n/a","n/a","n/a","n/a","n/a","n/a","n/a","n/a","n/a","n/a","n/a","n/a","n/a","n/a","n/a","n/a","n/a","n/a","8.5675"
"31 Mar 78","n/a","n/a","n/a","n/a","n/a","n/a","n/a","n/a","n/a","n/a","n/a","n/a","n/a","n/a","n/a","n/a","n/a","n/a","n/a","n/a","n/a","n/a","n/a","n/a","n/a","n/a","n/a","n/a","6.5323"
"31 Dec 77","n/a","n/a","n/a","n/a","n/a","n/a","n/a","n/a","n/a","n/a","n/a","n/a","n/a","n/a","n/a","n/a","n/a","n/a","n/a","n/a","n/a","n/a","n/a","n/a","n/a","n/a","n/a","n/a","5.8492"
"30 Sep 77","n/a","n/a","n/a","n/a","n/a","n/a","n/a","n/a","n/a","n/a","n/a","n/a","n/a","n/a","n/a","n/a","n/a","n/a","n/a","n/a","n/a","n/a","n/a","n/a","n/a","n/a","n/a","n/a","7.2462"
"30 Jun 77","n/a","n/a","n/a","n/a","n/a","n/a","n/a","n/a","n/a","n/a","n/a","n/a","n/a","n/a","n/a","n/a","n/a","n/a","n/a","n/a","n/a","n/a","n/a","n/a","n/a","n/a","n/a","n/a","8.3893"
"31 Mar 77","n/a","n/a","n/a","n/a","n/a","n/a","n/a","n/a","n/a","n/a","n/a","n/a","n/a","n/a","n/a","n/a","n/a","n/a","n/a","n/a","n/a","n/a","n/a","n/a","n/a","n/a","n/a","n/a","12.2302"
"31 Dec 76","n/a","n/a","n/a","n/a","n/a","n/a","n/a","n/a","n/a","n/a","n/a","n/a","n/a","n/a","n/a","n/a","n/a","n/a","n/a","n/a","n/a","n/a","n/a","n/a","n/a","n/a","n/a","n/a","14.7227"
"30 Sep 76","n/a","n/a","n/a","n/a","n/a","n/a","n/a","n/a","n/a","n/a","n/a","n/a","n/a","n/a","n/a","n/a","n/a","n/a","n/a","n/a","n/a","n/a","n/a","n/a","n/a","n/a","n/a","n/a","11.8231"
"30 Jun 76","n/a","n/a","n/a","n/a","n/a","n/a","n/a","n/a","n/a","n/a","n/a","n/a","n/a","n/a","n/a","n/a","n/a","n/a","n/a","n/a","n/a","n/a","n/a","n/a","n/a","n/a","n/a","n/a","10.5726"
"31 Mar 76","n/a","n/a","n/a","n/a","n/a","n/a","n/a","n/a","n/a","n/a","n/a","n/a","n/a","n/a","n/a","n/a","n/a","n/a","n/a","n/a","n/a","n/a","n/a","n/a","n/a","n/a","n/a","n/a","9.8164"
"31 Dec 75","n/a","n/a","n/a","n/a","n/a","n/a","n/a","n/a","n/a","n/a","n/a","n/a","n/a","n/a","n/a","n/a","n/a","n/a","n/a","n/a","n/a","n/a","n/a","n/a","n/a","n/a","n/a","n/a","11.7383"
"30 Sep 75","n/a","n/a","n/a","n/a","n/a","n/a","n/a","n/a","n/a","n/a","n/a","n/a","n/a","n/a","n/a","n/a","n/a","n/a","n/a","n/a","n/a","n/a","n/a","n/a","n/a","n/a","n/a","n/a","10.7077"
"30 Jun 75","n/a","n/a","n/a","n/a","n/a","n/a","n/a","n/a","n/a","n/a","n/a","n/a","n/a","n/a","n/a","n/a","n/a","n/a","n/a","n/a","n/a","n/a","n/a","n/a","n/a","n/a","n/a","n/a","9.9609"
"31 Mar 75","n/a","n/a","n/a","n/a","n/a","n/a","n/a","n/a","n/a","n/a","n/a","n/a","n/a","n/a","n/a","n/a","n/a","n/a","n/a","n/a","n/a","n/a","n/a","n/a","n/a","n/a","n/a","n/a","10.2632"